"Time","Lux4 Regression","Lux8 Regression","Lux1 Regression","Lux6 Regression","Lux7 Regression","Lux5 Regression","Lux3 Regression","Lux2 Regression","Lux0 Regression"
2022-12-19 09:18:15,8621,8597,9607,8550,8572,8545,8761,9152,400
2022-12-19 09:18:45,8683,8658,9748,8612,8635,8612,8832,9200,400
2022-12-19 09:19:15,8732,8713,9813,8667,8690,8666,8868,9249,400
2022-12-19 09:19:45,8787,8761,9832,8716,8737,8714,8915,9308,400
2022-12-19 09:20:15,8838,8804,9843,8759,8781,8758,8976,9344,400
2022-12-19 09:20:45,8886,8847,9861,8802,8825,8804,9024,9359,400
2022-12-19 09:21:15,8931,8889,9889,8845,8866,8849,9077,9393,400
2022-12-19 09:21:45,8970,8926,9930,8882,8903,8886,9125,9407,400
2022-12-19 09:22:15,9004,8961,9981,8917,8939,8925,9157,9436,400
2022-12-19 09:22:45,9038,8993,10007,8950,8972,8955,9185,9478,400
2022-12-19 09:23:15,9060,9021,10033,8980,9000,8981,9219,9514,400
2022-12-19 09:23:45,9094,9048,10061,9008,9028,9006,9253,9542,400
2022-12-19 09:24:15,9124,9081,10082,9041,9063,9044,9285,9586,400
2022-12-19 09:24:45,9162,9122,10102,9084,9105,9086,9331,9636,400
2022-12-19 09:25:15,9222,9179,10148,9145,9165,9144,9385,9705,400
2022-12-19 09:25:45,9291,9241,10223,9212,9234,9213,9451,9771,400
2022-12-19 09:26:15,9372,9316,10308,9296,9315,9296,9531,9853,400
2022-12-19 09:26:45,9474,9401,10428,9394,9415,9391,9636,9950,400
2022-12-19 09:27:15,9589,9492,10561,9505,9526,9505,9759,10064,400
2022-12-19 09:27:45,9699,9581,10711,9622,9640,9618,9887,10193,400
2022-12-19 09:28:15,9804,9671,10901,9744,9758,9734,10001,10342,400
2022-12-19 09:28:45,9917,9769,11088,9868,9880,9859,10112,10498,400
2022-12-19 09:29:15,10031,9864,11234,9991,10001,9980,10216,10635,400
2022-12-19 09:29:45,10157,9966,11374,10121,10126,10111,10338,10779,400
2022-12-19 09:30:15,10288,10076,11520,10259,10257,10237,10464,10909,400
2022-12-19 09:30:45,10417,10186,11682,10388,10386,10369,10595,11043,400
2022-12-19 09:31:15,10542,10296,11811,10519,10512,10492,10722,11165,400
2022-12-19 09:31:45,10650,10396,11931,10635,10623,10614,10831,11290,400
2022-12-19 09:32:15,10745,10495,12067,10739,10724,10721,10934,11405,400
2022-12-19 09:32:45,10851,10591,12184,10839,10821,10816,11024,11508,400
2022-12-19 09:33:15,10942,10684,12281,10931,10909,10904,11111,11606,400
2022-12-19 09:33:45,11024,10764,12364,11004,10985,10979,11177,11679,400
2022-12-19 09:34:15,11093,10837,12426,11072,11055,11045,11246,11761,400
2022-12-19 09:34:45,11152,10898,12458,11129,11115,11102,11293,11833,400
2022-12-19 09:35:15,11203,10950,12494,11178,11167,11149,11336,11873,400
2022-12-19 09:35:45,11245,10998,12533,11224,11214,11195,11388,11914,400
2022-12-19 09:36:15,11298,11047,12560,11270,11263,11244,11433,11934,400
2022-12-19 09:36:45,11342,11100,12588,11319,11314,11293,11476,11949,400
2022-12-19 09:37:15,11395,11157,12604,11375,11371,11349,11537,11972,400
2022-12-19 09:37:45,11452,11221,12657,11439,11435,11412,11596,12024,400
2022-12-19 09:38:15,11530,11292,12714,11510,11506,11485,11670,12091,400
2022-12-19 09:38:45,11602,11365,12777,11585,11582,11556,11738,12174,400
2022-12-19 09:39:15,11688,11442,12863,11673,11672,11648,11830,12255,400
2022-12-19 09:39:45,11780,11520,12980,11766,11767,11742,11920,12351,400
2022-12-19 09:40:15,11878,11599,13074,11865,11866,11844,12022,12444,400
2022-12-19 09:40:45,11965,11678,13187,11966,11966,11943,12121,12553,400
2022-12-19 09:41:15,12073,11757,13310,12073,12073,12050,12216,12680,400
2022-12-19 09:41:45,12192,11843,13414,12189,12190,12158,12328,12795,400
2022-12-19 09:42:15,12304,11921,13524,12302,12301,12270,12448,12893,400
2022-12-19 09:42:45,12418,12009,13626,12425,12420,12391,12580,13004,400
2022-12-19 09:43:15,12548,12099,13719,12557,12542,12524,12715,13108,400
2022-12-19 09:43:45,12681,12187,13849,12689,12664,12658,12849,13230,400
2022-12-19 09:44:15,12832,12276,13974,12829,12794,12803,12992,13361,400
2022-12-19 09:44:45,12981,12357,14111,12977,12930,12953,13152,13497,400
2022-12-19 09:45:15,13153,12440,14263,13141,13078,13121,13329,13648,400
2022-12-19 09:45:45,13332,12525,14438,13311,13238,13296,13515,13825,400
2022-12-19 09:46:15,13525,12607,14603,13487,13390,13479,13699,14004,400
2022-12-19 09:46:45,13728,12696,14776,13668,13529,13668,13881,14194,400
2022-12-19 09:47:15,13933,12785,14962,13862,13667,13862,14074,14383,400
2022-12-19 09:47:45,14139,12878,15149,14057,13806,14061,14275,14580,400
2022-12-19 09:48:15,14337,12980,15317,14248,13940,14261,14475,14819,400
2022-12-19 09:48:45,14543,13080,15515,14438,14075,14473,14660,15020,400
2022-12-19 09:49:15,14748,13179,15753,14613,14208,14675,14874,15190,400
2022-12-19 09:49:45,14932,13279,15940,14779,14338,14867,15049,15390,400
2022-12-19 09:50:15,15107,13377,16070,14936,14461,15048,15218,15570,400
2022-12-19 09:50:45,15261,13463,16169,15067,14572,15196,15350,15719,400
2022-12-19 09:51:15,15379,13541,16284,15179,14674,15316,15486,15858,400
2022-12-19 09:51:45,15467,13608,16362,15270,14762,15409,15570,15941,400
2022-12-19 09:52:15,15546,13668,16439,15348,14839,15482,15668,16034,400
2022-12-19 09:52:45,15624,13727,16532,15424,14908,15555,15737,16133,400
2022-12-19 09:53:15,15711,13790,16614,15504,14979,15636,15831,16228,400
2022-12-19 09:53:45,15821,13861,16737,15606,15064,15734,15940,16354,400
2022-12-19 09:54:15,15913,13942,16893,15710,15161,15833,16043,16479,400
2022-12-19 09:54:45,16011,14025,17015,15823,15264,15933,16154,16583,400
2022-12-19 09:55:15,16113,14113,17133,15943,15372,16038,16232,16637,400
2022-12-19 09:55:45,16203,14202,17215,16057,15478,16137,16309,16706,400
2022-12-19 09:56:15,16291,14294,17320,16166,15588,16227,16401,16789,400
2022-12-19 09:56:45,16371,14378,17419,16273,15701,16318,16467,16864,400
2022-12-19 09:57:15,16440,14456,17464,16356,15803,16387,16539,16934,400
2022-12-19 09:57:45,16508,14534,17562,16441,15903,16459,16616,17026,400
2022-12-19 09:58:15,16571,14614,17643,16517,15994,16521,16681,17095,400
2022-12-19 09:58:45,16640,14680,17677,16599,16084,16590,16734,17124,400
2022-12-19 09:59:15,16716,14744,17737,16686,16171,16672,16815,17200,400
2022-12-19 09:59:45,16806,14808,17837,16781,16263,16763,16903,17285,400
2022-12-19 10:00:15,16910,14876,17963,16885,16353,16869,17012,17385,400
2022-12-19 10:00:45,17007,14948,18071,16978,16440,16968,17113,17467,400
2022-12-19 10:01:15,17073,15013,18142,17042,16512,17034,17171,17523,400
2022-12-19 10:01:45,17108,15075,18174,17086,16579,17076,17206,17561,400
2022-12-19 10:02:15,17129,15139,18177,17114,16643,17103,17238,17607,400
2022-12-19 10:02:45,17141,15201,18165,17124,16692,17115,17248,17634,400
2022-12-19 10:03:15,17146,15261,18159,17130,16731,17124,17259,17645,400
2022-12-19 10:03:45,17133,15318,18149,17115,16761,17111,17244,17629,400
2022-12-19 10:04:15,17110,15385,18110,17092,16784,17091,17224,17599,400
2022-12-19 10:04:45,17070,15455,18087,17064,16806,17059,17190,17567,400
2022-12-19 10:05:15,17054,15521,18084,17044,16827,17041,17176,17555,400
2022-12-19 10:05:45,17042,15591,18082,17040,16853,17040,17168,17551,400
2022-12-19 10:06:15,17047,15654,18077,17044,16890,17043,17164,17550,400
2022-12-19 10:06:45,17056,15716,18067,17059,16934,17063,17182,17548,400
2022-12-19 10:07:15,17079,15772,18110,17087,16989,17091,17201,17544,400
2022-12-19 10:07:45,17113,15821,18125,17122,17048,17130,17234,17590,400
2022-12-19 10:08:15,17156,15864,18157,17164,17106,17174,17279,17648,400
2022-12-19 10:08:45,17184,15895,18201,17200,17154,17211,17312,17691,400
2022-12-19 10:09:15,17234,15929,18287,17245,17210,17258,17352,17730,400
2022-12-19 10:09:45,17262,15948,18332,17276,17250,17291,17397,17751,400
2022-12-19 10:10:15,17272,15963,18298,17285,17270,17301,17400,17789,400
2022-12-19 10:10:45,17262,15967,18256,17277,17272,17297,17384,17790,400
2022-12-19 10:11:15,17246,15976,18249,17264,17263,17281,17374,17767,400
2022-12-19 10:11:45,17228,15980,18227,17247,17250,17266,17365,17744,400
2022-12-19 10:12:15,17222,15989,18219,17236,17240,17252,17354,17729,400
2022-12-19 10:12:45,17197,15993,18220,17215,17220,17233,17324,17703,400
2022-12-19 10:13:15,17182,15998,18212,17197,17204,17220,17310,17666,400
2022-12-19 10:13:45,17185,16011,18197,17201,17209,17222,17307,17673,400
2022-12-19 10:14:15,17182,16018,18183,17201,17209,17222,17317,17684,400
2022-12-19 10:14:45,17174,16021,18201,17198,17207,17221,17322,17687,400
2022-12-19 10:15:15,17177,16028,18217,17199,17208,17222,17312,17695,400
2022-12-19 10:15:45,17186,16035,18235,17208,17221,17233,17324,17719,400
2022-12-19 10:16:15,17215,16039,18280,17239,17250,17258,17358,17731,400
2022-12-19 10:16:45,17271,16044,18341,17292,17302,17313,17399,17771,400
2022-12-19 10:17:15,17340,16052,18410,17362,17370,17382,17476,17858,400
2022-12-19 10:17:45,17428,16061,18474,17453,17458,17470,17572,17976,400
2022-12-19 10:18:15,17540,16067,18573,17569,17564,17588,17679,18092,400
2022-12-19 10:18:45,17665,16071,18696,17690,17663,17703,17786,18211,400
2022-12-19 10:19:15,17777,16076,18800,17802,17739,17817,17892,18314,400
2022-12-19 10:19:45,17875,16078,18891,17895,17790,17910,17988,18405,400
2022-12-19 10:20:15,17942,16072,18928,17957,17823,17973,18052,18454,400
2022-12-19 10:20:45,17975,16069,18954,18000,17851,18015,18092,18484,400
2022-12-19 10:21:15,17993,16064,18996,18012,17865,18030,18106,18489,400
2022-12-19 10:21:45,17989,16059,18995,18008,17870,18024,18096,18474,400
2022-12-19 10:22:15,17968,16053,18975,17987,17865,18005,18093,18457,400
2022-12-19 10:22:45,17933,16044,18937,17950,17855,17967,18058,18431,400
2022-12-19 10:23:15,17891,16042,18919,17916,17850,17931,18016,18398,400
2022-12-19 10:23:45,17850,16043,18904,17876,17840,17891,17977,18347,400
2022-12-19 10:24:15,17810,16051,18844,17834,17812,17848,17934,18312,400
2022-12-19 10:24:45,17760,16062,18775,17788,17773,17803,17889,18278,400
2022-12-19 10:25:15,17728,16082,18705,17756,17747,17769,17861,18251,400
2022-12-19 10:25:45,17695,16107,18724,17725,17728,17739,17832,18195,400
2022-12-19 10:26:15,17678,16139,18740,17711,17711,17724,17814,18171,400
2022-12-19 10:26:45,17672,16175,18758,17707,17711,17722,17808,18210,400
2022-12-19 10:27:15,17681,16208,18735,17717,17722,17733,17827,18235,400
2022-12-19 10:27:45,17710,16237,18725,17753,17757,17765,17844,18256,400
2022-12-19 10:28:15,17786,16266,18773,17823,17830,17835,17902,18304,400
2022-12-19 10:28:45,17875,16293,18902,17916,17919,17922,17994,18407,400
2022-12-19 10:29:15,17989,16325,19017,18033,18035,18039,18105,18511,400
2022-12-19 10:29:45,18113,16349,19146,18157,18153,18160,18235,18627,400
2022-12-19 10:30:15,18222,16383,19253,18268,18257,18270,18341,18725,400
2022-12-19 10:30:45,18329,16411,19338,18374,18358,18370,18442,18837,400
2022-12-19 10:31:15,18420,16437,19404,18466,18448,18463,18533,18927,400
2022-12-19 10:31:45,18517,16462,19514,18566,18546,18558,18630,19027,400
2022-12-19 10:32:15,18616,16485,19611,18672,18650,18660,18744,19112,400
2022-12-19 10:32:45,18742,16508,19725,18795,18748,18780,18859,19226,400
2022-12-19 10:33:15,18881,16530,19880,18936,18841,18924,18995,19374,400
2022-12-19 10:33:45,19042,16550,20010,19093,18924,19076,19157,19535,400
2022-12-19 10:34:15,19200,16567,20148,19245,18977,19228,19302,19693,400
2022-12-19 10:34:45,19337,16584,20300,19381,19020,19366,19430,19837,400
2022-12-19 10:35:15,19439,16593,20418,19484,19041,19467,19538,19954,400
2022-12-19 10:35:45,19503,16603,20476,19543,19043,19525,19601,19996,400
2022-12-19 10:36:15,19524,16606,20523,19551,19014,19540,19613,20025,400
2022-12-19 10:36:45,19476,16607,20502,19505,18972,19493,19574,19975,400
2022-12-19 10:37:15,19405,16604,20431,19439,18938,19426,19507,19904,400
2022-12-19 10:37:45,19326,16594,20375,19360,18908,19350,19416,19836,400
2022-12-19 10:38:15,19276,16589,20325,19312,18879,19301,19369,19775,400
2022-12-19 10:38:45,19236,16584,20283,19271,18845,19262,19323,19724,400
2022-12-19 10:39:15,19197,16577,20238,19228,18802,19219,19285,19677,400
2022-12-19 10:39:45,19124,16566,20182,19152,18747,19145,19208,19642,400
2022-12-19 10:40:15,19010,16553,20118,19036,18684,19031,19098,19539,400
2022-12-19 10:40:45,18865,16537,19989,18887,18621,18885,18959,19403,400
2022-12-19 10:41:15,18691,16519,19813,18716,18544,18718,18806,19229,400
2022-12-19 10:41:45,18509,16489,19592,18533,18444,18538,18634,19032,400
2022-12-19 10:42:15,18304,16444,19373,18331,18308,18335,18430,18827,400
2022-12-19 10:42:45,18097,16386,19134,18128,18122,18133,18225,18617,400
2022-12-19 10:43:15,17883,16309,18912,17915,17912,17926,18000,18414,400
2022-12-19 10:43:45,17676,16220,18709,17701,17702,17720,17792,18203,400
2022-12-19 10:44:15,17475,16125,18523,17501,17496,17524,17602,17990,400
2022-12-19 10:44:45,17276,16030,18308,17301,17288,17327,17417,17809,400
2022-12-19 10:45:15,17088,15938,18100,17109,17092,17138,17232,17638,400
2022-12-19 10:45:45,16937,15864,17936,16958,16942,16984,17070,17461,400
2022-12-19 10:46:15,16828,15808,17814,16849,16835,16874,16961,17344,400
2022-12-19 10:46:45,16767,15772,17703,16786,16770,16810,16913,17271,400
2022-12-19 10:47:15,16728,15746,17735,16754,16735,16777,16879,17231,400
2022-12-19 10:47:45,16714,15711,17816,16724,16710,16749,16846,17241,400
2022-12-19 10:48:15,16658,15663,17826,16680,16674,16706,16799,17214,400
2022-12-19 10:48:45,16580,15593,17755,16603,16603,16625,16725,17123,400
2022-12-19 10:49:15,16460,15502,17633,16473,16481,16495,16598,16981,400
2022-12-19 10:49:45,16282,15403,17441,16293,16304,16316,16429,16808,400
2022-12-19 10:50:15,16057,15300,17206,16070,16080,16087,16218,16607,400
2022-12-19 10:50:45,15818,15215,16923,15831,15847,15847,15987,16390,400
2022-12-19 10:51:15,15595,15143,16662,15607,15626,15619,15766,16167,400
2022-12-19 10:51:45,15419,15098,16444,15427,15449,15437,15552,15994,400
2022-12-19 10:52:15,15288,15072,16381,15299,15326,15307,15448,15890,400
2022-12-19 10:52:45,15227,15055,16355,15244,15269,15251,15378,15799,400
2022-12-19 10:53:15,15241,15048,16347,15255,15280,15267,15387,15806,400
2022-12-19 10:53:45,15297,15048,16413,15313,15340,15328,15449,15881,400
2022-12-19 10:54:15,15387,15063,16489,15411,15435,15426,15529,15977,400
2022-12-19 10:54:45,15509,15083,16587,15536,15563,15555,15670,16049,400
2022-12-19 10:55:15,15656,15109,16762,15689,15715,15711,15813,16193,400
2022-12-19 10:55:45,15827,15150,16927,15858,15884,15882,15989,16352,400
2022-12-19 10:56:15,15984,15193,17073,16023,16046,16045,16128,16521,400
2022-12-19 10:56:45,16136,15239,17213,16174,16197,16199,16291,16664,400
2022-12-19 10:57:15,16268,15285,17345,16303,16325,16330,16428,16788,400
2022-12-19 10:57:45,16399,15334,17466,16436,16455,16463,16551,16920,400
2022-12-19 10:58:15,16532,15380,17587,16567,16586,16593,16685,17042,400
2022-12-19 10:58:45,16659,15428,17715,16695,16711,16718,16804,17170,400
2022-12-19 10:59:15,16778,15475,17844,16819,16835,16843,16938,17307,400
2022-12-19 10:59:45,16894,15520,17943,16935,16946,16956,17046,17420,400
2022-12-19 11:00:15,16991,15561,18033,17031,17041,17053,17132,17528,400
2022-12-19 11:00:45,17070,15601,18098,17109,17118,17131,17216,17605,400
2022-12-19 11:01:15,17121,15640,18160,17159,17167,17180,17267,17650,400
2022-12-19 11:01:45,17162,15682,18234,17199,17207,17221,17304,17691,400
2022-12-19 11:02:15,17200,15722,18278,17235,17244,17258,17334,17738,400
2022-12-19 11:02:45,17252,15761,18319,17290,17297,17308,17393,17757,400
2022-12-19 11:03:15,17310,15793,18393,17348,17354,17370,17451,17829,400
2022-12-19 11:03:45,17380,15823,18432,17420,17424,17438,17528,17905,400
2022-12-19 11:04:15,17449,15848,18480,17489,17492,17505,17588,17974,400
2022-12-19 11:04:45,17523,15873,18566,17560,17563,17579,17651,18050,400
2022-12-19 11:05:15,17592,15903,18616,17626,17628,17641,17722,18111,400
2022-12-19 11:05:45,17650,15931,18650,17680,17681,17696,17776,18161,400
2022-12-19 11:06:15,17684,15966,18700,17712,17714,17730,17807,18187,400
2022-12-19 11:06:45,17713,16000,18723,17745,17745,17761,17836,18204,400
2022-12-19 11:07:15,17745,16037,18745,17778,17780,17795,17869,18251,400
2022-12-19 11:07:45,17796,16075,18773,17823,17825,17836,17911,18277,400
2022-12-19 11:08:15,17856,16109,18851,17889,17893,17903,17983,18355,400
2022-12-19 11:08:45,17963,16148,18930,17999,18000,18006,18083,18434,400
2022-12-19 11:09:15,18092,16187,19065,18123,18122,18133,18218,18587,400
2022-12-19 11:09:45,18230,16221,19214,18262,18235,18272,18345,18732,400
2022-12-19 11:10:15,18375,16256,19363,18399,18330,18409,18488,18863,400
2022-12-19 11:10:45,18485,16288,19449,18502,18387,18517,18594,18962,400
2022-12-19 11:11:15,18559,16315,19509,18569,18423,18579,18645,19046,400
2022-12-19 11:11:45,18595,16342,19533,18613,18444,18627,18685,19079,400
2022-12-19 11:12:15,18636,16369,19547,18652,18484,18664,18725,19110,400
2022-12-19 11:12:45,18701,16408,19592,18714,18557,18726,18778,19184,400
2022-12-19 11:13:15,18782,16457,19678,18796,18657,18808,18871,19256,400
2022-12-19 11:13:45,18887,16521,19782,18905,18789,18916,18995,19331,400
2022-12-19 11:14:15,18995,16587,19898,19027,18915,19023,19122,19421,400
2022-12-19 11:14:45,19104,16654,20064,19138,19026,19137,19220,19546,400
2022-12-19 11:15:15,19192,16709,20195,19226,19117,19225,19309,19665,400
2022-12-19 11:15:45,19267,16747,20225,19295,19198,19290,19390,19714,400
2022-12-19 11:16:15,19339,16770,20281,19369,19276,19365,19457,19779,400
2022-12-19 11:16:45,19427,16804,20356,19463,19365,19458,19545,19847,400
2022-12-19 11:17:15,19558,16859,20482,19596,19480,19588,19669,19986,400
2022-12-19 11:17:45,19740,16936,20671,19783,19628,19768,19836,20177,400
2022-12-19 11:18:15,19965,17021,20927,20018,19801,20000,20053,20411,400
2022-12-19 11:18:45,20228,17099,21215,20279,19966,20259,20301,20686,400
2022-12-19 11:19:15,20470,17167,21485,20508,20111,20495,20569,20957,400
2022-12-19 11:19:45,20673,17216,21712,20692,20199,20682,20771,21173,400
2022-12-19 11:20:15,20796,17243,21827,20804,20238,20802,20889,21306,400
2022-12-19 11:20:45,20870,17268,21914,20880,20255,20877,20953,21392,400
2022-12-19 11:21:15,20942,17297,21979,20970,20272,20964,21028,21457,400
2022-12-19 11:21:45,21068,17333,22090,21091,20311,21086,21146,21572,400
2022-12-19 11:22:15,21212,17379,22272,21232,20353,21231,21316,21750,400
2022-12-19 11:22:45,21344,17419,22407,21338,20387,21356,21454,21875,400
2022-12-19 11:23:15,21450,17443,22481,21413,20410,21464,21559,21957,400
2022-12-19 11:23:45,21551,17453,22558,21492,20428,21573,21641,22051,400
2022-12-19 11:24:15,21662,17465,22656,21574,20451,21687,21739,22158,400
2022-12-19 11:24:45,21797,17489,22799,21677,20487,21821,21896,22293,400
2022-12-19 11:25:15,21946,17523,22954,21792,20537,21970,22056,22452,400
2022-12-19 11:25:45,22088,17569,23081,21911,20601,22116,22195,22575,400
2022-12-19 11:26:15,22208,17631,23170,22034,20684,22241,22300,22669,400
2022-12-19 11:26:45,22354,17711,23304,22181,20789,22388,22439,22802,400
2022-12-19 11:27:15,22528,17793,23470,22339,20902,22559,22611,22977,400
2022-12-19 11:27:45,22708,17868,23643,22487,21018,22738,22803,23139,400
2022-12-19 11:28:15,22892,17932,23834,22609,21130,22920,22989,23326,400
2022-12-19 11:28:45,23051,17988,24006,22737,21244,23086,23153,23502,400
2022-12-19 11:29:15,23233,18035,24222,22887,21362,23265,23335,23688,400
2022-12-19 11:29:45,23410,18066,24455,23034,21474,23443,23510,23882,400
2022-12-19 11:30:15,23595,18084,24617,23165,21573,23620,23703,24048,400
2022-12-19 11:30:45,23745,18090,24739,23261,21642,23773,23858,24203,400
2022-12-19 11:31:15,23878,18094,24863,23345,21698,23906,24000,24355,400
2022-12-19 11:31:45,23975,18091,24970,23399,21730,23985,24102,24463,400
2022-12-19 11:32:15,24011,18081,25003,23416,21743,24023,24143,24495,400
2022-12-19 11:32:45,23987,18071,24984,23413,21745,24006,24119,24480,400
2022-12-19 11:33:15,23938,18066,24938,23413,21760,23963,24060,24432,400
2022-12-19 11:33:45,23856,18064,24857,23422,21778,23882,23967,24352,400
2022-12-19 11:34:15,23818,18068,24818,23461,21824,23842,23921,24319,400
2022-12-19 11:34:45,23838,18081,24844,23540,21880,23859,23956,24358,400
2022-12-19 11:35:15,23926,18104,24986,23656,21940,23938,24054,24467,400
2022-12-19 11:35:45,24068,18127,25198,23796,22009,24065,24207,24638,400
2022-12-19 11:36:15,24265,18155,25413,23964,22083,24251,24427,24867,400
2022-12-19 11:36:45,24491,18184,25658,24100,22148,24459,24659,25093,400
2022-12-19 11:37:15,24651,18198,25821,24183,22199,24620,24825,25256,400
2022-12-19 11:37:45,24904,18226,26053,24337,22292,24868,25074,25483,400
2022-12-19 11:38:15,25208,18258,26363,24526,22398,25162,25371,25792,400
2022-12-19 11:38:45,25577,18305,26761,24769,22538,25510,25746,26168,400
2022-12-19 11:39:15,25893,18341,27090,24977,22671,25823,26062,26489,400
2022-12-19 11:39:45,26290,18402,27503,25246,22855,26208,26456,26872,400
2022-12-19 11:40:15,26781,18487,28045,25583,23080,26662,26953,27374,400
2022-12-19 11:40:45,27191,18563,28537,25903,23286,27045,27381,27847,400
2022-12-19 11:41:15,27741,18662,29123,26281,23522,27558,27927,28452,400
2022-12-19 11:41:45,28320,18738,29794,26621,23716,28062,28513,29098,400
2022-12-19 11:42:15,28546,18724,30016,26789,23804,28260,28758,29313,400
2022-12-19 11:42:45,28995,18764,30448,27056,23947,28620,29212,29771,400
2022-12-19 11:43:15,29394,18796,30905,27284,24048,28988,29628,30200,400
2022-12-19 11:43:45,29896,18857,31478,27526,24180,29441,30157,30736,400
2022-12-19 11:44:15,30248,18888,31910,27691,24267,29753,30537,31147,400
2022-12-19 11:44:45,30324,18871,31971,27751,24295,29821,30612,31211,400
2022-12-19 11:45:15,30482,18865,32120,27855,24366,29921,30764,31333,400
2022-12-19 11:45:45,30549,18848,32181,27922,24424,29971,30830,31393,400
2022-12-19 11:46:15,30734,18883,32403,28087,24544,30125,31012,31604,400
2022-12-19 11:46:45,30862,18928,32549,28245,24669,30277,31141,31737,400
2022-12-19 11:47:15,31131,19038,32872,28510,24869,30562,31412,32020,400
2022-12-19 11:47:45,31056,19037,32889,28574,24917,30523,31349,31971,400
2022-12-19 11:48:15,30588,18971,32366,28464,24843,30148,30863,31456,400
2022-12-19 11:48:45,30247,18917,31965,28358,24772,29863,30506,31115,400
2022-12-19 11:49:15,30116,18901,31749,28329,24748,29760,30360,30964,400
2022-12-19 11:49:45,30193,18919,31792,28389,24785,29843,30431,31037,400
2022-12-19 11:50:15,30602,19010,32243,28610,24932,30204,30868,31492,400
2022-12-19 11:50:45,30765,19024,32431,28664,24970,30338,31051,31696,400
2022-12-19 11:51:15,30794,19017,32501,28639,24963,30362,31090,31763,400
2022-12-19 11:51:45,30496,18940,32139,28427,24841,30085,30760,31400,400
2022-12-19 11:52:15,30221,18875,31867,28246,24743,29805,30480,31116,400
2022-12-19 11:52:45,29807,18786,31355,28031,24625,29406,30053,30643,400
2022-12-19 11:53:15,29644,18765,31118,27970,24612,29243,29892,30459,400
2022-12-19 11:53:45,29714,18791,31216,28043,24669,29309,29976,30595,400
2022-12-19 11:54:15,29997,18856,31494,28243,24797,29580,30256,30921,400
2022-12-19 11:54:45,30265,18917,31850,28439,24933,29841,30542,31204,400
2022-12-19 11:55:15,30515,18997,32215,28621,25084,30070,30800,31500,400
2022-12-19 11:55:45,30471,19018,32249,28611,25127,30007,30784,31497,400
2022-12-19 11:56:15,29843,18920,31553,28300,24989,29419,30122,30825,400
2022-12-19 11:56:45,29423,18882,31018,28094,24923,29042,29681,30368,400
2022-12-19 11:57:15,28716,18756,30261,27648,24727,28375,28964,29668,400
2022-12-19 11:57:45,27877,18648,29312,27125,24517,27603,28099,28752,400
2022-12-19 11:58:15,27033,18541,28378,26536,24282,26835,27257,27804,400
2022-12-19 11:58:45,26337,18465,27567,25998,24074,26201,26549,27056,400
2022-12-19 11:59:15,25815,18415,26878,25560,23916,25717,25989,26458,400
2022-12-19 11:59:45,25463,18388,26454,25256,23816,25393,25608,26057,400
2022-12-19 12:00:15,25219,18367,26197,25057,23751,25170,25356,25830,400
2022-12-19 12:00:45,25028,18349,25990,24918,23699,25003,25147,25609,400
2022-12-19 12:01:15,24890,18334,25819,24833,23639,24885,24987,25425,400
2022-12-19 12:01:45,24810,18323,25718,24788,23592,24815,24887,25293,400
2022-12-19 12:02:15,24753,18315,25674,24739,23565,24757,24829,25222,400
2022-12-19 12:02:45,24683,18308,25679,24668,23545,24680,24785,25183,400
2022-12-19 12:03:15,24563,18298,25580,24552,23511,24558,24664,25063,400
2022-12-19 12:03:45,24409,18279,25385,24409,23444,24414,24511,24889,400
2022-12-19 12:04:15,24271,18266,25204,24280,23367,24282,24359,24710,400
2022-12-19 12:04:45,24176,18254,25120,24201,23283,24200,24253,24626,400
2022-12-19 12:05:15,24150,18242,25067,24167,23198,24165,24209,24622,400
2022-12-19 12:05:45,24130,18233,25065,24151,23114,24144,24191,24615,400
2022-12-19 12:06:15,24120,18224,25059,24147,23049,24140,24176,24592,400
2022-12-19 12:06:45,24142,18217,25117,24183,23003,24171,24207,24622,400
2022-12-19 12:07:15,24203,18211,25165,24248,22999,24232,24267,24679,400
2022-12-19 12:07:45,24266,18209,25275,24312,23003,24294,24333,24732,400
2022-12-19 12:08:15,24328,18206,25353,24378,22997,24357,24403,24805,400
2022-12-19 12:08:45,24363,18201,25382,24406,22972,24387,24428,24840,400
2022-12-19 12:09:15,24347,18194,25362,24381,22923,24370,24420,24805,400
2022-12-19 12:09:45,24243,18180,25265,24275,22863,24264,24325,24710,400
2022-12-19 12:10:15,24086,18162,25093,24120,22806,24105,24153,24544,400
2022-12-19 12:10:45,23912,18142,24899,23947,22744,23929,23971,24354,400
2022-12-19 12:11:15,23728,18121,24717,23772,22668,23748,23802,24171,400
2022-12-19 12:11:45,23544,18098,24520,23592,22572,23565,23634,23978,400
2022-12-19 12:12:15,23331,18072,24292,23377,22451,23347,23412,23780,400
2022-12-19 12:12:45,23089,18047,24025,23131,22307,23101,23172,23547,400
2022-12-19 12:13:15,22817,18023,23780,22866,22165,22831,22908,23296,400
2022-12-19 12:13:45,22569,17998,23531,22613,22032,22578,22645,23054,400
2022-12-19 12:14:15,22361,17980,23289,22404,21933,22367,22430,22874,400
2022-12-19 12:14:45,22196,17966,23150,22243,21858,22206,22272,22689,400
2022-12-19 12:15:15,22084,17957,23096,22136,21808,22094,22161,22580,400
2022-12-19 12:15:45,22015,17957,23034,22069,21771,22029,22091,22489,400
2022-12-19 12:16:15,21984,17958,23008,22040,21747,21996,22063,22472,400
2022-12-19 12:16:45,21966,17959,23008,22028,21726,21985,22048,22424,400
2022-12-19 12:17:15,21972,17962,23006,22030,21711,21989,22048,22449,400
2022-12-19 12:17:45,21985,17967,22996,22045,21704,22001,22052,22441,400
2022-12-19 12:18:15,22016,17976,23035,22083,21714,22038,22093,22482,400
2022-12-19 12:18:45,22077,17987,23114,22137,21737,22092,22149,22574,400
2022-12-19 12:19:15,22148,17999,23192,22206,21768,22167,22213,22635,400
2022-12-19 12:19:45,22209,18011,23252,22268,21797,22225,22270,22689,400
2022-12-19 12:20:15,22253,18021,23302,22311,21817,22268,22303,22723,400
2022-12-19 12:20:45,22271,18024,23314,22327,21824,22287,22325,22733,400
2022-12-19 12:21:15,22265,18030,23316,22320,21824,22277,22318,22707,400
2022-12-19 12:21:45,22240,18029,23273,22295,21817,22255,22301,22679,400
2022-12-19 12:22:15,22209,18029,23232,22270,21805,22226,22276,22661,400
2022-12-19 12:22:45,22176,18028,23198,22237,21799,22193,22250,22626,400
2022-12-19 12:23:15,22152,18029,23165,22212,21802,22170,22226,22611,400
2022-12-19 12:23:45,22131,18029,23157,22198,21807,22154,22217,22592,400
2022-12-19 12:24:15,22139,18031,23180,22203,21815,22157,22226,22598,400
2022-12-19 12:24:45,22162,18033,23229,22226,21837,22183,22242,22631,400
2022-12-19 12:25:15,22194,18032,23269,22251,21852,22209,22267,22673,400
2022-12-19 12:25:45,22225,18029,23278,22282,21859,22242,22304,22703,400
2022-12-19 12:26:15,22266,18022,23290,22319,21873,22285,22343,22733,400
2022-12-19 12:26:45,22315,18010,23324,22360,21891,22332,22403,22785,400
2022-12-19 12:27:15,22375,17997,23361,22417,21911,22394,22459,22838,400
2022-12-19 12:27:45,22465,17981,23443,22503,21931,22482,22546,22945,400
2022-12-19 12:28:15,22568,17961,23534,22607,21943,22590,22648,23031,400
2022-12-19 12:28:45,22706,17943,23660,22738,21940,22730,22787,23158,400
2022-12-19 12:29:15,22864,17929,23844,22881,21920,22894,22941,23329,400
2022-12-19 12:29:45,23063,17918,24010,23049,21894,23098,23135,23519,400
2022-12-19 12:30:15,23291,17919,24241,23228,21878,23321,23368,23750,400
2022-12-19 12:30:45,23506,17920,24453,23403,21861,23537,23590,23964,400
2022-12-19 12:31:15,23676,17923,24620,23546,21843,23709,23761,24139,400
2022-12-19 12:31:45,23814,17932,24752,23661,21834,23845,23917,24272,400
2022-12-19 12:32:15,23905,17939,24826,23729,21826,23930,24018,24359,400
2022-12-19 12:32:45,23966,17943,24909,23776,21815,23981,24095,24421,400
2022-12-19 12:33:15,23994,17947,24958,23780,21796,23996,24120,24461,400
2022-12-19 12:33:45,23949,17945,24937,23736,21767,23959,24079,24439,400
2022-12-19 12:34:15,23829,17938,24850,23641,21717,23849,23951,24331,400
2022-12-19 12:34:45,23640,17923,24677,23488,21654,23670,23759,24155,400
2022-12-19 12:35:15,23427,17904,24455,23294,21580,23456,23546,23933,400
2022-12-19 12:35:45,23176,17886,24212,23078,21508,23209,23293,23668,400
2022-12-19 12:36:15,22917,17867,23946,22859,21427,22949,23019,23404,400
2022-12-19 12:36:45,22705,17851,23745,22675,21345,22733,22803,23194,400
2022-12-19 12:37:15,22538,17838,23573,22535,21267,22569,22631,23026,400
2022-12-19 12:37:45,22411,17826,23441,22425,21193,22443,22500,22903,400
2022-12-19 12:38:15,22313,17819,23350,22345,21131,22348,22401,22814,400
2022-12-19 12:38:45,22243,17817,23268,22293,21081,22283,22335,22756,400
2022-12-19 12:39:15,22202,17813,23228,22254,21040,22238,22291,22717,400
2022-12-19 12:39:45,22155,17810,23183,22206,21004,22192,22248,22674,400
2022-12-19 12:40:15,22096,17809,23137,22141,20978,22130,22183,22613,400
2022-12-19 12:40:45,22013,17803,23067,22059,20952,22050,22098,22538,400
2022-12-19 12:41:15,21923,17797,23002,21970,20932,21959,22009,22451,400
2022-12-19 12:41:45,21819,17793,22924,21871,20919,21857,21901,22353,400
2022-12-19 12:42:15,21705,17787,22835,21759,20907,21737,21783,22248,400
2022-12-19 12:42:45,21590,17787,22722,21650,20898,21619,21665,22148,400
2022-12-19 12:43:15,21479,17784,22618,21545,20886,21508,21570,22055,400
2022-12-19 12:43:45,21395,17783,22535,21463,20880,21427,21496,21969,400
2022-12-19 12:44:15,21340,17780,22486,21407,20878,21368,21443,21912,400
2022-12-19 12:44:45,21304,17776,22457,21374,20884,21333,21412,21873,400
2022-12-19 12:45:15,21303,17774,22435,21372,20900,21332,21402,21862,400
2022-12-19 12:45:45,21335,17773,22460,21407,20928,21367,21435,21895,400
2022-12-19 12:46:15,21374,17770,22495,21446,20952,21405,21471,21934,400
2022-12-19 12:46:45,21400,17757,22520,21466,20958,21426,21493,21950,400
2022-12-19 12:47:15,21392,17743,22494,21463,20943,21423,21487,21934,400
2022-12-19 12:47:45,21384,17727,22444,21450,20907,21413,21478,21918,400
2022-12-19 12:48:15,21383,17711,22428,21454,20858,21416,21491,21910,400
2022-12-19 12:48:45,21404,17692,22440,21474,20795,21438,21509,21929,400
2022-12-19 12:49:15,21444,17666,22458,21504,20727,21475,21534,21952,400
2022-12-19 12:49:45,21428,17629,22450,21482,20642,21464,21524,21950,400
2022-12-19 12:50:15,21312,17574,22366,21350,20509,21341,21414,21833,400
2022-12-19 12:50:45,21047,17496,22146,21084,20319,21074,21160,21592,400
2022-12-19 12:51:15,20709,17397,21833,20737,20075,20732,20805,21276,400
2022-12-19 12:51:45,20340,17277,21442,20355,19796,20352,20426,20890,400
2022-12-19 12:52:15,19948,17148,21010,19966,19507,19968,20046,20481,400
2022-12-19 12:52:45,19510,17009,20533,19522,19188,19531,19625,20024,400
2022-12-19 12:53:15,19067,16866,20078,19067,18845,19081,19175,19561,400
2022-12-19 12:53:45,18615,16712,19633,18615,18469,18636,18721,19115,400
2022-12-19 12:54:15,18183,16552,19191,18178,18080,18206,18302,18695,400
2022-12-19 12:54:45,17775,16377,18790,17774,17704,17803,17912,18306,400
2022-12-19 12:55:15,17383,16205,18338,17390,17349,17421,17517,17978,400
2022-12-19 12:55:45,17032,16042,17975,17034,17019,17061,17175,17583,400
2022-12-19 12:56:15,16687,15892,17646,16697,16697,16711,16844,17200,400
2022-12-19 12:56:45,16355,15751,17349,16366,16376,16376,16506,16884,400
2022-12-19 12:57:15,16057,15609,17102,16070,16080,16071,16212,16603,400
2022-12-19 12:57:45,15776,15449,16829,15790,15802,15787,15925,16323,400
2022-12-19 12:58:15,15502,15267,16542,15513,15527,15508,15667,16043,400
2022-12-19 12:58:45,15225,15047,16276,15230,15247,15219,15389,15791,400
2022-12-19 12:59:15,14943,14806,16004,14946,14964,14936,15107,15542,400
2022-12-19 12:59:45,14689,14582,15721,14684,14705,14671,14857,15285,400
2022-12-19 13:00:15,14441,14349,15430,14435,14459,14421,14599,15002,400
2022-12-19 13:00:45,14190,14098,15145,14175,14202,14163,14343,14720,400
2022-12-19 13:01:15,13927,13859,14928,13919,13947,13904,14089,14470,400
2022-12-19 13:01:45,13702,13651,14806,13689,13718,13669,13849,14261,400
2022-12-19 13:02:15,13485,13449,14599,13472,13504,13452,13633,14037,400
2022-12-19 13:02:45,13347,13311,14391,13333,13366,13310,13501,13860,400
2022-12-19 13:03:15,13201,13161,14200,13178,13214,13151,13356,13718,400
2022-12-19 13:03:45,13108,13088,14122,13096,13133,13068,13277,13642,400
2022-12-19 13:04:30,13041,13008,14032,13017,13054,12984,13192,13596,400
2022-12-19 13:04:45,12993,12974,14022,12979,13021,12950,13149,13562,400
2022-12-19 13:05:15,12963,12947,14073,12946,12986,12915,13121,13535,400
2022-12-19 13:05:45,12930,12911,14077,12905,12945,12875,13084,13527,400
2022-12-19 13:06:15,12875,12853,14022,12852,12892,12821,13026,13477,400
2022-12-19 13:06:45,12832,12804,13960,12808,12848,12777,12975,13391,400
2022-12-19 13:07:15,12753,12726,13880,12732,12769,12699,12905,13342,400
2022-12-19 13:07:45,12678,12650,13791,12651,12689,12619,12839,13255,400
2022-12-19 13:08:15,12529,12504,13687,12507,12543,12475,12678,13138,400
2022-12-19 13:08:45,12396,12379,13541,12382,12417,12352,12563,13000,400
2022-12-19 13:09:30,12219,12196,13322,12198,12232,12169,12398,12786,400
2022-12-19 13:09:45,12080,12056,13151,12060,12090,12029,12260,12661,400
2022-12-19 13:10:30,11886,11857,12905,11860,11885,11828,12045,12409,400
2022-12-19 13:10:45,11736,11706,12752,11707,11729,11673,11897,12232,400
2022-12-19 13:11:30,11536,11505,12605,11508,11521,11473,11693,12065,400
2022-12-19 13:11:45,11397,11370,12433,11371,11383,11334,11564,11931,400
2022-12-19 13:12:15,11262,11237,12291,11239,11246,11196,11445,11820,400
2022-12-19 13:12:45,11148,11127,12181,11126,11132,11083,11328,11716,400
2022-12-19 13:13:30,11066,11047,12136,11042,11052,10998,11232,11629,400
2022-12-19 13:13:45,11027,11010,12090,11006,11014,10960,11191,11586,400
2022-12-19 13:14:30,10998,10978,12002,10974,10983,10924,11160,11547,400
2022-12-19 13:14:45,10980,10966,12009,10963,10971,10909,11153,11504,400
2022-12-19 13:15:15,10973,10955,11965,10950,10957,10895,11144,11513,400
2022-12-19 13:15:45,10965,10949,11956,10944,10955,10887,11145,11511,400
2022-12-19 13:16:15,10959,10943,11975,10941,10949,10886,11144,11528,400
2022-12-19 13:16:45,10957,10938,12011,10933,10942,10881,11132,11515,400
2022-12-19 13:17:15,10950,10922,11989,10924,10929,10867,11111,11510,400
2022-12-19 13:17:45,10929,10900,11991,10905,10907,10845,11096,11492,400
2022-12-19 13:18:15,10886,10861,11978,10861,10860,10802,11047,11452,400
2022-12-19 13:18:45,10823,10789,11882,10795,10792,10741,10974,11376,400
2022-12-19 13:19:30,10704,10662,11765,10672,10664,10619,10867,11229,400
2022-12-19 13:19:45,10570,10528,11660,10541,10527,10488,10731,11132,400
2022-12-19 13:20:15,10394,10346,11455,10357,10341,10309,10548,10949,400
2022-12-19 13:20:45,10194,10149,11306,10156,10140,10112,10364,10759,400
2022-12-19 13:21:15,10016,9973,11146,9973,9959,9932,10178,10570,400
2022-12-19 13:21:45,9861,9820,11010,9819,9806,9784,10031,10401,400
2022-12-19 13:22:15,9733,9700,10835,9696,9683,9664,9911,10306,400
2022-12-19 13:22:45,9644,9606,10686,9598,9587,9565,9828,10234,400
2022-12-19 13:23:15,9576,9539,10568,9534,9521,9498,9750,10162,400
2022-12-19 13:23:45,9534,9494,10526,9487,9476,9454,9715,10077,400
2022-12-19 13:24:15,9510,9476,10515,9470,9457,9431,9696,10052,400
2022-12-19 13:24:45,9515,9482,10543,9475,9463,9435,9686,10078,400
2022-12-19 13:25:15,9534,9504,10684,9499,9487,9458,9706,10073,400
2022-12-19 13:25:45,9557,9514,10736,9509,9498,9469,9719,10080,400
2022-12-19 13:26:15,9538,9498,10692,9494,9482,9455,9700,10105,400
2022-12-19 13:26:45,9500,9458,10645,9452,9441,9418,9654,10089,400
2022-12-19 13:27:15,9463,9419,10582,9409,9402,9381,9628,10063,400
2022-12-19 13:27:45,9431,9393,10526,9383,9375,9349,9619,10034,400
2022-12-19 13:28:15,9447,9413,10499,9401,9392,9368,9615,10031,400
2022-12-19 13:28:45,9522,9484,10523,9472,9463,9433,9683,10102,400
2022-12-19 13:29:15,9624,9599,10649,9586,9577,9546,9784,10192,400
2022-12-19 13:29:45,9761,9744,10830,9735,9724,9688,9919,10309,400
2022-12-19 13:30:15,9925,9913,11052,9904,9892,9852,10079,10448,400
2022-12-19 13:30:45,10082,10073,11238,10064,10053,10008,10247,10618,400
2022-12-19 13:31:15,10244,10226,11363,10220,10210,10166,10415,10827,400
2022-12-19 13:31:45,10382,10378,11499,10369,10362,10309,10537,10955,400
2022-12-19 13:32:15,10517,10520,11598,10510,10507,10451,10676,11100,400
2022-12-19 13:32:45,10675,10676,11716,10668,10666,10606,10844,11254,400
2022-12-19 13:33:15,10837,10835,11896,10825,10830,10769,11012,11375,400
2022-12-19 13:33:45,10989,10986,12054,10977,10984,10921,11154,11562,400
2022-12-19 13:34:15,11133,11138,12192,11126,11137,11072,11297,11689,400
2022-12-19 13:34:45,11293,11297,12342,11285,11302,11232,11463,11844,400
2022-12-19 13:35:15,11456,11452,12565,11443,11463,11393,11609,12054,400
2022-12-19 13:35:45,11603,11598,12727,11593,11618,11546,11751,12191,400
2022-12-19 13:36:15,11754,11751,12882,11743,11772,11697,11915,12349,400
2022-12-19 13:36:45,11888,11887,13067,11879,11912,11836,12044,12517,400
2022-12-19 13:37:15,12008,12000,13161,11995,12029,11954,12173,12614,400
2022-12-19 13:37:45,12091,12073,13204,12074,12110,12039,12242,12685,400
2022-12-19 13:38:15,12136,12115,13257,12113,12145,12076,12289,12740,400
2022-12-19 13:38:45,12128,12110,13268,12111,12145,12079,12300,12740,400
2022-12-19 13:39:15,12105,12083,13229,12088,12120,12056,12272,12705,400
2022-12-19 13:39:45,12074,12051,13256,12052,12081,12018,12237,12699,400
2022-12-19 13:40:15,12030,12004,13187,12003,12030,11968,12186,12624,400
2022-12-19 13:40:45,11973,11949,13077,11945,11967,11913,12119,12551,400
2022-12-19 13:41:15,11922,11912,12957,11905,11926,11869,12073,12499,400
2022-12-19 13:41:45,11925,11913,12906,11904,11927,11868,12087,12471,400
2022-12-19 13:42:15,11950,11946,12968,11936,11960,11898,12106,12545,400
2022-12-19 13:42:45,12002,11997,13101,11988,12013,11952,12152,12624,400
2022-12-19 13:43:15,12058,12039,13180,12040,12063,12006,12209,12638,400
2022-12-19 13:43:45,12104,12058,13198,12085,12111,12054,12261,12648,400
2022-12-19 13:44:15,12133,12071,13231,12112,12136,12080,12294,12690,400
2022-12-19 13:44:45,12123,12076,13207,12105,12129,12076,12291,12686,400
2022-12-19 13:45:15,12107,12071,13195,12083,12107,12054,12266,12668,400
2022-12-19 13:45:45,12081,12067,13166,12063,12090,12036,12239,12648,400
2022-12-19 13:46:15,12075,12068,13150,12061,12089,12029,12252,12654,400
2022-12-19 13:46:45,12085,12079,13185,12069,12098,12040,12242,12679,400
2022-12-19 13:47:15,12095,12082,13188,12076,12106,12045,12266,12664,400
2022-12-19 13:47:45,12075,12067,13192,12063,12092,12032,12244,12656,400
2022-12-19 13:48:15,12055,12045,13135,12039,12068,12005,12213,12611,400
2022-12-19 13:48:45,12030,12018,13084,12014,12043,11979,12187,12593,400
2022-12-19 13:49:15,12004,11992,13072,11985,12016,11951,12163,12548,400
2022-12-19 13:49:45,11980,11967,13045,11962,11993,11926,12143,12524,400
2022-12-19 13:50:15,11966,11952,13018,11945,11977,11911,12125,12499,400
2022-12-19 13:50:45,11957,11946,13062,11940,11971,11904,12109,12501,400
2022-12-19 13:51:15,11956,11936,13105,11937,11968,11899,12120,12488,400
2022-12-19 13:51:45,11930,11899,13045,11908,11938,11869,12094,12476,400
2022-12-19 13:52:15,11879,11852,12996,11857,11883,11819,12047,12433,400
2022-12-19 13:52:45,11811,11787,12951,11788,11812,11751,11986,12369,400
2022-12-19 13:53:15,11731,11710,12839,11711,11731,11674,11914,12292,400
2022-12-19 13:53:45,11658,11631,12753,11632,11648,11595,11818,12215,400
2022-12-19 13:54:15,11579,11542,12723,11550,11559,11511,11745,12131,400
2022-12-19 13:54:45,11458,11405,12602,11426,11430,11389,11623,11987,400
2022-12-19 13:55:15,11280,11234,12418,11249,11247,11212,11448,11832,400
2022-12-19 13:55:45,11050,10996,12172,11011,11002,10976,11215,11585,400
2022-12-19 13:56:15,10802,10749,11881,10762,10749,10725,10964,11331,400
2022-12-19 13:56:45,10559,10506,11723,10516,10502,10472,10725,11132,400
2022-12-19 13:57:15,10347,10306,11565,10310,10298,10271,10501,10871,400
2022-12-19 13:57:45,10196,10155,11343,10156,10144,10115,10353,10746,400
2022-12-19 13:58:15,10095,10053,11247,10053,10039,10006,10260,10616,400
2022-12-19 13:58:45,10026,9991,11186,9989,9978,9949,10188,10547,400
2022-12-19 13:59:15,9984,9948,11145,9945,9936,9906,10141,10500,400
2022-12-19 13:59:45,9940,9903,11073,9903,9890,9859,10087,10481,400
2022-12-19 14:00:15,9872,9838,11000,9836,9826,9796,10045,10438,400
2022-12-19 14:00:45,9794,9750,10940,9746,9737,9711,9964,10349,400
2022-12-19 14:01:15,9694,9648,10834,9642,9636,9609,9856,10250,400
2022-12-19 14:01:45,9587,9543,10724,9537,9530,9505,9752,10135,400
2022-12-19 14:02:15,9498,9455,10624,9446,9441,9418,9660,10037,400
2022-12-19 14:02:45,9433,9387,10563,9376,9372,9350,9597,9971,400
2022-12-19 14:03:15,9366,9317,10495,9305,9302,9281,9523,9912,400
2022-12-19 14:03:45,9286,9240,10439,9224,9225,9202,9449,9834,400
2022-12-19 14:04:15,9211,9161,10333,9142,9145,9127,9378,9782,400
2022-12-19 14:04:45,9148,9097,10277,9075,9078,9060,9312,9699,400
2022-12-19 14:05:15,9094,9044,10172,9021,9026,9011,9261,9670,400
2022-12-19 14:05:45,9041,8995,10135,8970,8978,8961,9203,9632,400
2022-12-19 14:06:15,8978,8930,10083,8904,8912,8900,9149,9545,400
2022-12-19 14:06:45,8894,8843,9989,8815,8824,8813,9072,9462,400
2022-12-19 14:07:15,8777,8725,9885,8697,8707,8698,8964,9348,400
2022-12-19 14:07:45,8636,8581,9728,8550,8563,8552,8815,9195,400
2022-12-19 14:08:15,8483,8424,9533,8391,8405,8400,8656,9053,400
2022-12-19 14:08:45,8333,8268,9372,8232,8248,8244,8519,8900,400
2022-12-19 14:09:15,8198,8130,9285,8088,8108,8107,8378,8725,400
2022-12-19 14:09:45,8065,8000,9186,7957,7977,7980,8244,8605,400
2022-12-19 14:10:15,7927,7863,9077,7819,7839,7843,8106,8511,400
2022-12-19 14:10:45,7783,7714,8916,7668,7690,7697,7948,8345,400
2022-12-19 14:11:15,7644,7565,8793,7521,7542,7551,7789,8198,400
2022-12-19 14:11:45,7505,7428,8635,7383,7407,7411,7669,8086,400
2022-12-19 14:12:15,7372,7309,8520,7265,7290,7296,7578,8002,400
2022-12-19 14:12:45,7298,7221,8458,7175,7203,7204,7483,7950,400
2022-12-19 14:13:15,7240,7160,8402,7114,7143,7142,7408,7904,400
2022-12-19 14:13:45,7204,7120,8364,7073,7103,7106,7363,7864,400
2022-12-19 14:14:15,7165,7084,8328,7038,7068,7074,7342,7821,400
2022-12-19 14:14:45,7125,7051,8301,7005,7036,7042,7293,7784,400
2022-12-19 14:15:15,7091,7010,8275,6965,6998,7002,7257,7747,400
2022-12-19 14:15:45,7048,6958,8231,6915,6947,6955,7208,7700,400
2022-12-19 14:16:15,6985,6894,8181,6856,6887,6891,7145,7649,400
2022-12-19 14:16:45,6909,6814,8105,6778,6809,6818,7078,7569,400
2022-12-19 14:17:15,6818,6724,8019,6689,6722,6730,6996,7470,400
2022-12-19 14:17:45,6723,6626,7920,6594,6629,6634,6902,7368,400
2022-12-19 14:18:15,6625,6519,7798,6489,6524,6534,6800,7254,400
2022-12-19 14:18:45,6530,6412,7647,6381,6416,6426,6699,7127,400
2022-12-19 14:19:15,6425,6311,7515,6284,6319,6327,6611,7007,400
2022-12-19 14:19:45,6342,6225,7407,6198,6232,6243,6522,6916,400
2022-12-19 14:20:15,6264,6147,7303,6123,6155,6165,6418,6823,400
2022-12-19 14:20:45,6194,6073,7240,6048,6081,6095,6362,6749,400
2022-12-19 14:21:15,6115,6003,7195,5981,6011,6026,6310,6687,400
2022-12-19 14:21:45,6049,5934,7123,5915,5942,5961,6252,6604,400
2022-12-19 14:22:15,5993,5879,7055,5858,5884,5899,6175,6542,400
2022-12-19 14:22:45,5951,5829,7000,5806,5832,5851,6136,6491,400
2022-12-19 14:23:15,5915,5793,6930,5773,5795,5818,6093,6438,400
2022-12-19 14:23:45,5898,5775,6872,5753,5779,5801,6075,6382,400
2022-12-19 14:24:15,5893,5773,6882,5752,5774,5797,6067,6399,400
2022-12-19 14:24:45,5888,5767,6882,5748,5772,5797,6071,6403,400
2022-12-19 14:25:15,5894,5771,6870,5747,5772,5796,6071,6405,400
2022-12-19 14:25:45,5892,5769,6853,5746,5769,5798,6065,6400,400
2022-12-19 14:26:15,5876,5763,6859,5741,5763,5787,6043,6404,400
2022-12-19 14:26:45,5886,5764,6866,5743,5765,5793,6051,6411,400
2022-12-19 14:27:15,5881,5766,6891,5746,5767,5795,6046,6423,400
2022-12-19 14:27:45,5888,5768,6910,5749,5770,5799,6057,6419,400
2022-12-19 14:28:15,5885,5767,6925,5745,5770,5801,6045,6424,400
2022-12-19 14:28:45,5889,5771,6931,5749,5774,5803,6044,6436,400
2022-12-19 14:29:15,5912,5792,6945,5770,5796,5816,6064,6463,400
2022-12-19 14:29:45,5939,5823,6954,5798,5826,5846,6110,6477,400
2022-12-19 14:30:15,5975,5861,6975,5836,5866,5879,6146,6496,400
2022-12-19 14:30:45,6019,5900,7017,5875,5908,5917,6192,6525,400
2022-12-19 14:31:15,6060,5940,7060,5914,5946,5956,6238,6553,400
2022-12-19 14:31:45,6086,5965,7072,5941,5972,5986,6251,6572,400
2022-12-19 14:32:15,6098,5985,7094,5960,5992,6005,6290,6593,400
2022-12-19 14:32:45,6102,5997,7170,5972,6004,6021,6304,6647,400
2022-12-19 14:33:15,6106,5999,7216,5972,6006,6015,6304,6671,400
2022-12-19 14:33:45,6090,5983,7208,5960,5991,6003,6293,6652,400
2022-12-19 14:34:15,6072,5956,7162,5934,5964,5982,6260,6632,400
2022-12-19 14:34:45,6037,5921,7055,5897,5928,5943,6228,6571,400
2022-12-19 14:35:15,6003,5885,6938,5863,5892,5913,6188,6506,400
2022-12-19 14:35:45,5977,5863,6904,5839,5870,5884,6143,6519,400
2022-12-19 14:36:15,5967,5844,6881,5826,5855,5870,6143,6507,400
2022-12-19 14:36:45,5939,5824,6854,5799,5830,5847,6085,6488,400
2022-12-19 14:37:15,5906,5792,6832,5770,5799,5820,6083,6455,400
2022-12-19 14:37:45,5860,5750,6809,5728,5751,5775,6037,6411,400
2022-12-19 14:38:15,5818,5700,6787,5682,5703,5728,5981,6418,400
2022-12-19 14:38:45,5767,5649,6762,5631,5651,5676,5936,6394,400
2022-12-19 14:39:15,5726,5617,6740,5601,5616,5646,5894,6374,400
2022-12-19 14:39:45,5721,5608,6728,5589,5606,5635,5881,6344,400
2022-12-19 14:40:15,5731,5617,6720,5598,5614,5646,5901,6310,400
2022-12-19 14:40:45,5756,5639,6732,5618,5637,5666,5934,6287,400
2022-12-19 14:41:15,5771,5655,6746,5633,5653,5678,5958,6283,400
2022-12-19 14:41:45,5771,5662,6767,5641,5660,5682,5973,6297,400
2022-12-19 14:42:15,5771,5659,6733,5638,5657,5684,5965,6288,400
2022-12-19 14:42:45,5774,5647,6680,5626,5644,5673,5946,6268,400
2022-12-19 14:43:15,5746,5628,6649,5606,5626,5658,5917,6281,400
2022-12-19 14:43:45,5725,5604,6621,5585,5601,5630,5873,6284,400
2022-12-19 14:44:15,5695,5576,6605,5559,5572,5604,5863,6257,400
2022-12-19 14:44:45,5658,5534,6605,5518,5529,5564,5827,6231,400
2022-12-19 14:45:15,5601,5486,6610,5469,5477,5520,5786,6192,400
2022-12-19 14:45:45,5538,5430,6605,5417,5424,5455,5727,6139,400
2022-12-19 14:46:15,5509,5387,6600,5372,5378,5418,5699,6118,400
2022-12-19 14:46:45,5482,5353,6588,5339,5344,5387,5660,6095,400
2022-12-19 14:47:15,5449,5333,6574,5318,5325,5365,5630,6047,400
2022-12-19 14:47:45,5439,5321,6567,5309,5310,5354,5619,6015,400
2022-12-19 14:48:15,5432,5310,6546,5294,5300,5342,5605,6002,400
2022-12-19 14:48:45,5413,5295,6518,5281,5284,5328,5573,6002,400
2022-12-19 14:49:15,5396,5277,6481,5264,5264,5312,5557,5999,400
2022-12-19 14:49:45,5377,5255,6447,5243,5242,5292,5536,5990,400
2022-12-19 14:50:15,5348,5224,6412,5212,5213,5262,5507,5982,400
2022-12-19 14:50:45,5314,5186,6382,5177,5173,5228,5477,5963,400
2022-12-19 14:51:15,5265,5136,6360,5124,5121,5174,5448,5922,400
2022-12-19 14:51:45,5212,5071,6330,5064,5058,5105,5408,5858,400
2022-12-19 14:52:15,5135,4998,6293,4990,4985,5043,5333,5823,400
2022-12-19 14:52:45,5056,4924,6237,4917,4911,4969,5250,5775,400
2022-12-19 14:53:15,4976,4848,6174,4844,4833,4894,5170,5710,400
2022-12-19 14:53:45,4894,4765,6109,4764,4751,4809,5092,5609,400
2022-12-19 14:54:15,4816,4677,6036,4674,4663,4722,4987,5509,400
2022-12-19 14:54:45,4728,4583,5956,4582,4567,4632,4885,5398,400
2022-12-19 14:55:15,4643,4485,5868,4485,4470,4539,4791,5282,400
2022-12-19 14:55:45,4547,4391,5777,4392,4374,4444,4695,5155,400
2022-12-19 14:56:15,4443,4299,5670,4299,4280,4351,4635,5020,400
2022-12-19 14:56:45,4360,4213,5548,4216,4192,4274,4573,4875,400
2022-12-19 14:57:15,4302,4137,5446,4132,4116,4190,4497,4764,400
2022-12-19 14:57:45,4228,4065,5388,4070,4043,4116,4416,4729,400
2022-12-19 14:58:15,4187,4027,5362,4025,4005,4090,4364,4708,400
2022-12-19 14:58:45,4157,4004,5334,4002,3980,4064,4336,4689,400
2022-12-19 14:59:15,4158,3998,5292,3995,3973,4059,4364,4669,400
2022-12-19 14:59:45,4155,4004,5264,4002,3978,4052,4380,4656,400
2022-12-19 15:00:15,4160,4007,5259,4008,3981,4062,4387,4664,400
2022-12-19 15:00:45,4160,4007,5263,4008,3981,4058,4389,4652,400
2022-12-19 15:01:15,4162,4011,5263,4012,3986,4064,4385,4654,400
2022-12-19 15:01:45,4166,4017,5256,4015,3992,4075,4368,4672,400
2022-12-19 15:02:15,4168,4017,5225,4011,3992,4071,4356,4706,400
2022-12-19 15:02:45,4158,4012,5213,4010,3986,4066,4347,4713,400
2022-12-19 15:03:15,4136,3996,5198,3996,3972,4052,4329,4708,400
2022-12-19 15:03:45,4109,3969,5180,3967,3946,4025,4315,4660,400
2022-12-19 15:04:15,4075,3933,5158,3934,3911,3989,4296,4594,400
2022-12-19 15:04:45,4039,3890,5131,3892,3869,3948,4266,4521,400
2022-12-19 15:05:15,4009,3844,5096,3844,3823,3904,4225,4458,400
2022-12-19 15:05:45,3960,3791,5046,3796,3771,3852,4166,4417,400
2022-12-19 15:06:15,3916,3745,5023,3753,3726,3813,4116,4387,400
2022-12-19 15:06:45,3868,3705,4989,3712,3686,3773,4069,4360,400
2022-12-19 15:07:15,3822,3666,4946,3674,3648,3741,4030,4332,400
2022-12-19 15:07:45,3792,3628,4887,3637,3614,3703,3997,4306,400
2022-12-19 15:08:15,3755,3590,4834,3601,3579,3667,3968,4275,400
2022-12-19 15:08:45,3720,3551,4772,3567,3540,3631,3937,4242,400
2022-12-19 15:09:15,3676,3506,4714,3524,3496,3583,3881,4206,400
2022-12-19 15:09:45,3626,3454,4635,3477,3449,3532,3819,4173,400
2022-12-19 15:10:15,3570,3401,4555,3423,3396,3474,3735,4138,400
2022-12-19 15:10:45,3521,3345,4459,3372,3340,3421,3668,4101,400
2022-12-19 15:11:15,3467,3289,4345,3315,3287,3371,3607,4066,400
2022-12-19 15:11:45,3418,3233,4242,3262,3232,3328,3561,4039,400

