"Time","GHI"
2022-12-29 08:40:00,14.2 W/m²
2022-12-29 08:40:30,13.0 W/m²
2022-12-29 08:41:00,11.4 W/m²
2022-12-29 08:41:30,11.1 W/m²
2022-12-29 08:42:00,10.9 W/m²
2022-12-29 08:42:30,11.1 W/m²
2022-12-29 08:43:00,12.0 W/m²
2022-12-29 08:43:30,12.4 W/m²
2022-12-29 08:44:00,12.8 W/m²
2022-12-29 08:44:30,13.0 W/m²
2022-12-29 08:45:00,13.7 W/m²
2022-12-29 08:45:30,14.4 W/m²
2022-12-29 08:46:00,15.8 W/m²
2022-12-29 08:46:30,17.5 W/m²
2022-12-29 08:47:00,19.2 W/m²
2022-12-29 08:47:30,20.7 W/m²
2022-12-29 08:48:00,21.3 W/m²
2022-12-29 08:48:30,22.1 W/m²
2022-12-29 08:49:00,22.4 W/m²
2022-12-29 08:49:30,23.5 W/m²
2022-12-29 08:50:00,23.9 W/m²
2022-12-29 08:50:30,24.7 W/m²
2022-12-29 08:51:00,26.1 W/m²
2022-12-29 08:51:30,27.2 W/m²
2022-12-29 08:52:00,28.5 W/m²
2022-12-29 08:52:30,29.6 W/m²
2022-12-29 08:53:00,31.2 W/m²
2022-12-29 08:53:30,32.4 W/m²
2022-12-29 08:54:00,33.4 W/m²
2022-12-29 08:54:30,33.2 W/m²
2022-12-29 08:55:00,34.4 W/m²
2022-12-29 08:55:30,35.1 W/m²
2022-12-29 08:56:00,35.6 W/m²
2022-12-29 08:56:30,37.0 W/m²
2022-12-29 08:57:00,37.7 W/m²
2022-12-29 08:57:30,38.5 W/m²
2022-12-29 08:58:00,39.5 W/m²
2022-12-29 08:58:30,40.3 W/m²
2022-12-29 08:59:00,40.5 W/m²
2022-12-29 08:59:30,41.2 W/m²
2022-12-29 09:00:00,42.5 W/m²
2022-12-29 09:00:30,43.7 W/m²
2022-12-29 09:01:00,44.5 W/m²
2022-12-29 09:01:30,43.2 W/m²
2022-12-29 09:02:00,40.8 W/m²
2022-12-29 09:02:30,42.0 W/m²
2022-12-29 09:03:00,44.9 W/m²
2022-12-29 09:03:30,47.3 W/m²
2022-12-29 09:04:00,48.3 W/m²
2022-12-29 09:04:30,49.0 W/m²
2022-12-29 09:05:00,50.2 W/m²
2022-12-29 09:05:30,51.1 W/m²
2022-12-29 09:06:00,52.8 W/m²
2022-12-29 09:06:30,54.4 W/m²
2022-12-29 09:07:00,55.0 W/m²
2022-12-29 09:07:30,55.5 W/m²
2022-12-29 09:08:00,54.6 W/m²
2022-12-29 09:08:30,54.1 W/m²
2022-12-29 09:09:00,53.2 W/m²
2022-12-29 09:09:30,53.3 W/m²
2022-12-29 09:10:00,53.0 W/m²
2022-12-29 09:10:30,53.9 W/m²
2022-12-29 09:11:00,54.1 W/m²
2022-12-29 09:11:30,54.5 W/m²
2022-12-29 09:12:00,51.7 W/m²
2022-12-29 09:12:30,47.2 W/m²
2022-12-29 09:13:00,46.6 W/m²
2022-12-29 09:13:30,47.1 W/m²
2022-12-29 09:14:00,47.1 W/m²
2022-12-29 09:14:30,48.8 W/m²
2022-12-29 09:15:00,50.5 W/m²
2022-12-29 09:15:30,52.5 W/m²
2022-12-29 09:16:00,54.3 W/m²
2022-12-29 09:16:30,56.8 W/m²
2022-12-29 09:17:00,58.5 W/m²
2022-12-29 09:17:30,59.8 W/m²
2022-12-29 09:18:00,59.4 W/m²
2022-12-29 09:18:30,58.3 W/m²
2022-12-29 09:19:00,58.5 W/m²
2022-12-29 09:19:30,60.0 W/m²
2022-12-29 09:20:00,61.0 W/m²
2022-12-29 09:20:30,62.4 W/m²
2022-12-29 09:21:00,62.5 W/m²
2022-12-29 09:21:30,62.2 W/m²
2022-12-29 09:22:00,61.7 W/m²
2022-12-29 09:22:30,62.5 W/m²
2022-12-29 09:23:00,62.1 W/m²
2022-12-29 09:23:30,62.7 W/m²
2022-12-29 09:24:00,61.5 W/m²
2022-12-29 09:24:30,60.4 W/m²
2022-12-29 09:25:00,59.1 W/m²
2022-12-29 09:25:30,56.7 W/m²
2022-12-29 09:26:00,54.5 W/m²
2022-12-29 09:26:30,51.9 W/m²
2022-12-29 09:27:00,50.6 W/m²
2022-12-29 09:27:30,50.6 W/m²
2022-12-29 09:28:00,49.8 W/m²
2022-12-29 09:28:30,49.5 W/m²
2022-12-29 09:29:00,49.7 W/m²
2022-12-29 09:29:30,49.6 W/m²
2022-12-29 09:30:00,49.9 W/m²
2022-12-29 09:30:30,50.6 W/m²
2022-12-29 09:31:00,51.0 W/m²
2022-12-29 09:31:30,52.3 W/m²
2022-12-29 09:32:00,53.3 W/m²
2022-12-29 09:32:30,53.8 W/m²
2022-12-29 09:33:00,55.3 W/m²
2022-12-29 09:33:30,55.0 W/m²
2022-12-29 09:34:00,55.4 W/m²
2022-12-29 09:34:30,55.3 W/m²
2022-12-29 09:35:00,55.7 W/m²
2022-12-29 09:35:30,55.2 W/m²
2022-12-29 09:36:00,55.7 W/m²
2022-12-29 09:36:30,55.2 W/m²
2022-12-29 09:37:00,55.8 W/m²
2022-12-29 09:37:30,56.3 W/m²
2022-12-29 09:38:00,57.0 W/m²
2022-12-29 09:38:30,56.9 W/m²
2022-12-29 09:39:00,58.1 W/m²
2022-12-29 09:39:30,58.5 W/m²
2022-12-29 09:40:00,57.7 W/m²
2022-12-29 09:40:30,57.8 W/m²
2022-12-29 09:41:00,57.4 W/m²
2022-12-29 09:41:30,57.6 W/m²
2022-12-29 09:42:00,57.4 W/m²
2022-12-29 09:42:30,57.0 W/m²
2022-12-29 09:43:00,56.4 W/m²
2022-12-29 09:43:30,56.3 W/m²
2022-12-29 09:44:00,56.4 W/m²
2022-12-29 09:44:30,55.1 W/m²
2022-12-29 09:45:30,53.8 W/m²
2022-12-29 09:46:30,53.3 W/m²
2022-12-29 09:47:00,51.7 W/m²
2022-12-29 09:47:30,51.2 W/m²
2022-12-29 09:48:00,50.9 W/m²
2022-12-29 09:48:30,50.0 W/m²
2022-12-29 09:49:00,50.2 W/m²
2022-12-29 09:49:30,49.9 W/m²
2022-12-29 09:50:00,49.2 W/m²
2022-12-29 09:50:30,49.4 W/m²
2022-12-29 09:51:00,48.9 W/m²
2022-12-29 09:51:30,49.0 W/m²
2022-12-29 09:52:00,47.9 W/m²
2022-12-29 09:52:30,47.8 W/m²
2022-12-29 09:53:00,48.2 W/m²
2022-12-29 09:53:30,47.1 W/m²
2022-12-29 09:54:00,47.5 W/m²
2022-12-29 09:54:30,46.8 W/m²
2022-12-29 09:55:00,46.8 W/m²
2022-12-29 09:55:30,46.9 W/m²
2022-12-29 09:56:00,46.7 W/m²
2022-12-29 09:56:30,46.8 W/m²
2022-12-29 09:57:00,47.2 W/m²
2022-12-29 09:57:30,47.5 W/m²
2022-12-29 09:58:00,46.8 W/m²
2022-12-29 09:58:30,47.1 W/m²
2022-12-29 09:59:00,47.1 W/m²
2022-12-29 09:59:30,46.0 W/m²
2022-12-29 10:00:00,45.9 W/m²
2022-12-29 10:00:30,46.1 W/m²
2022-12-29 10:01:00,44.8 W/m²
2022-12-29 10:01:30,45.2 W/m²
2022-12-29 10:02:00,43.5 W/m²
2022-12-29 10:02:30,43.5 W/m²
2022-12-29 10:03:00,41.7 W/m²
2022-12-29 10:03:30,40.3 W/m²
2022-12-29 10:04:00,39.6 W/m²
2022-12-29 10:04:30,39.4 W/m²
2022-12-29 10:05:00,39.4 W/m²
2022-12-29 10:05:30,38.4 W/m²
2022-12-29 10:06:00,38.2 W/m²
2022-12-29 10:06:30,37.9 W/m²
2022-12-29 10:07:00,36.6 W/m²
2022-12-29 10:07:30,36.5 W/m²
2022-12-29 10:08:00,36.6 W/m²
2022-12-29 10:08:30,35.9 W/m²
2022-12-29 10:09:00,35.8 W/m²
2022-12-29 10:09:30,36.3 W/m²
2022-12-29 10:10:00,36.0 W/m²
2022-12-29 10:10:30,36.1 W/m²
2022-12-29 10:11:00,35.2 W/m²
2022-12-29 10:11:30,34.9 W/m²
2022-12-29 10:12:00,35.1 W/m²
2022-12-29 10:12:30,35.2 W/m²
2022-12-29 10:13:00,34.9 W/m²
2022-12-29 10:13:30,34.3 W/m²
2022-12-29 10:14:00,33.7 W/m²
2022-12-29 10:14:30,33.9 W/m²
2022-12-29 10:15:30,33.5 W/m²
2022-12-29 10:16:30,34.8 W/m²
2022-12-29 10:17:30,35.3 W/m²
2022-12-29 10:18:30,35.7 W/m²
2022-12-29 10:19:30,38.3 W/m²
2022-12-29 10:20:30,37.9 W/m²
2022-12-29 10:21:30,41.8 W/m²
2022-12-29 10:22:30,42.9 W/m²
2022-12-29 10:23:00,42.5 W/m²
2022-12-29 10:23:30,42.5 W/m²
2022-12-29 10:24:30,41.8 W/m²
2022-12-29 10:25:00,42.5 W/m²
2022-12-29 10:25:30,42.9 W/m²
2022-12-29 10:26:00,43.4 W/m²
2022-12-29 10:26:30,43.9 W/m²
2022-12-29 10:27:00,44.2 W/m²
2022-12-29 10:27:30,44.9 W/m²
2022-12-29 10:28:30,43.9 W/m²
2022-12-29 10:29:00,44.1 W/m²
2022-12-29 10:29:30,43.2 W/m²
2022-12-29 10:30:00,43.4 W/m²
2022-12-29 10:30:30,43.0 W/m²
2022-12-29 10:31:00,43.3 W/m²
2022-12-29 10:31:30,43.5 W/m²
2022-12-29 10:32:00,43.8 W/m²
2022-12-29 10:32:30,44.8 W/m²
2022-12-29 10:33:00,45.1 W/m²
2022-12-29 10:33:30,45.2 W/m²
2022-12-29 10:34:00,45.3 W/m²
2022-12-29 10:34:30,46.5 W/m²
2022-12-29 10:35:00,47.2 W/m²
2022-12-29 10:35:30,46.6 W/m²
2022-12-29 10:36:00,47.2 W/m²
2022-12-29 10:36:30,47.4 W/m²
2022-12-29 10:37:00,47.6 W/m²
2022-12-29 10:37:30,48.4 W/m²
2022-12-29 10:38:00,49.5 W/m²
2022-12-29 10:38:30,55.0 W/m²
2022-12-29 10:39:00,56.4 W/m²
2022-12-29 10:39:30,52.4 W/m²
2022-12-29 10:40:00,50.5 W/m²
2022-12-29 10:40:30,50.5 W/m²
2022-12-29 10:41:00,50.9 W/m²
2022-12-29 10:41:30,50.5 W/m²
2022-12-29 10:42:00,50.3 W/m²
2022-12-29 10:42:30,50.2 W/m²
2022-12-29 10:43:00,50.9 W/m²
2022-12-29 10:43:30,50.9 W/m²
2022-12-29 10:44:00,51.7 W/m²
2022-12-29 10:44:30,52.4 W/m²
2022-12-29 10:45:00,54.0 W/m²
2022-12-29 10:45:30,55.3 W/m²
2022-12-29 10:46:00,58.1 W/m²
2022-12-29 10:46:30,60.2 W/m²
2022-12-29 10:47:30,64.2 W/m²
2022-12-29 10:48:00,67.8 W/m²
2022-12-29 10:48:30,67.4 W/m²
2022-12-29 10:49:30,66.8 W/m²
2022-12-29 10:50:00,66.5 W/m²
2022-12-29 10:50:30,65.7 W/m²
2022-12-29 10:51:00,64.7 W/m²
2022-12-29 10:51:30,65.8 W/m²
2022-12-29 10:52:30,64.1 W/m²
2022-12-29 10:53:30,61.7 W/m²
2022-12-29 10:54:30,59.9 W/m²
2022-12-29 10:55:00,58.7 W/m²
2022-12-29 10:55:30,58.0 W/m²
2022-12-29 10:56:30,58.2 W/m²
2022-12-29 10:57:00,56.9 W/m²
2022-12-29 10:57:30,55.8 W/m²
2022-12-29 10:58:00,55.2 W/m²
2022-12-29 10:58:30,58.4 W/m²
2022-12-29 10:59:00,57.0 W/m²
2022-12-29 10:59:30,54.9 W/m²
2022-12-29 11:00:00,55.3 W/m²
2022-12-29 11:00:30,54.8 W/m²
2022-12-29 11:01:30,53.5 W/m²
2022-12-29 11:02:00,53.0 W/m²
2022-12-29 11:02:30,52.0 W/m²
2022-12-29 11:03:00,51.3 W/m²
2022-12-29 11:03:30,50.9 W/m²
2022-12-29 11:04:30,49.3 W/m²
2022-12-29 11:05:00,49.3 W/m²
2022-12-29 11:05:30,50.9 W/m²
2022-12-29 11:06:00,49.3 W/m²
2022-12-29 11:06:30,51.0 W/m²
2022-12-29 11:07:30,52.1 W/m²
2022-12-29 11:08:30,49.9 W/m²
2022-12-29 11:09:30,50.2 W/m²
2022-12-29 11:10:30,46.8 W/m²
2022-12-29 11:11:30,49.3 W/m²
2022-12-29 11:12:00,48.6 W/m²
2022-12-29 11:12:30,48.2 W/m²
2022-12-29 11:13:00,49.1 W/m²
2022-12-29 11:13:30,63.4 W/m²
2022-12-29 11:14:30,75.5 W/m²
2022-12-29 11:15:30,59.5 W/m²
2022-12-29 11:16:00,67.9 W/m²
2022-12-29 11:16:30,64.0 W/m²
2022-12-29 11:17:30,86.2 W/m²
2022-12-29 11:18:00,66.6 W/m²
2022-12-29 11:18:30,49.2 W/m²
2022-12-29 11:19:30,60.6 W/m²
2022-12-29 11:20:30,58.7 W/m²
2022-12-29 11:21:30,53.8 W/m²
2022-12-29 11:22:30,52.3 W/m²
2022-12-29 11:23:30,64.2 W/m²
2022-12-29 11:24:00,77.1 W/m²
2022-12-29 11:24:30,81.5 W/m²
2022-12-29 11:25:00,84.9 W/m²
2022-12-29 11:25:30,78.6 W/m²
2022-12-29 11:26:00,81.8 W/m²
2022-12-29 11:26:30,82.1 W/m²
2022-12-29 11:27:00,70.8 W/m²
2022-12-29 11:27:30,52.1 W/m²
2022-12-29 11:28:30,63.4 W/m²
2022-12-29 11:29:30,47.6 W/m²
2022-12-29 11:30:30,76.8 W/m²
2022-12-29 11:31:00,79.0 W/m²
2022-12-29 11:31:30,79.4 W/m²
2022-12-29 11:32:00,74.4 W/m²
2022-12-29 11:32:30,69.6 W/m²
2022-12-29 11:33:00,50.3 W/m²
2022-12-29 11:33:30,43.8 W/m²
2022-12-29 11:34:00,47.4 W/m²
2022-12-29 11:34:30,41.9 W/m²
2022-12-29 11:35:00,50.9 W/m²
2022-12-29 11:35:30,46.8 W/m²
2022-12-29 11:36:00,40.7 W/m²
2022-12-29 11:36:30,45.3 W/m²
2022-12-29 11:37:00,51.1 W/m²
2022-12-29 11:37:30,73.2 W/m²
2022-12-29 11:38:00,56.1 W/m²
2022-12-29 11:38:30,48.1 W/m²
2022-12-29 11:39:00,56.1 W/m²
2022-12-29 11:39:30,79.0 W/m²
2022-12-29 11:40:00,83.7 W/m²
2022-12-29 11:40:30,66.5 W/m²
2022-12-29 11:41:00,59.6 W/m²
2022-12-29 11:41:30,59.4 W/m²
2022-12-29 11:42:00,67.8 W/m²
2022-12-29 11:42:30,62.2 W/m²
2022-12-29 11:43:00,85.8 W/m²
2022-12-29 11:43:30,87.3 W/m²
2022-12-29 11:44:00,94.3 W/m²
2022-12-29 11:44:30,87.5 W/m²
2022-12-29 11:45:00,93.4 W/m²
2022-12-29 11:45:30,117 W/m²
2022-12-29 11:46:00,150 W/m²
2022-12-29 11:46:30,162 W/m²
2022-12-29 11:47:30,165 W/m²
2022-12-29 11:48:30,170 W/m²
2022-12-29 11:49:30,159 W/m²
2022-12-29 11:50:30,135 W/m²
2022-12-29 11:51:00,139 W/m²
2022-12-29 11:51:30,125 W/m²
2022-12-29 11:52:00,148 W/m²
2022-12-29 11:52:30,123 W/m²
2022-12-29 11:53:00,127 W/m²
2022-12-29 11:53:30,142 W/m²
2022-12-29 11:54:00,120 W/m²
2022-12-29 11:54:30,122 W/m²
2022-12-29 11:55:00,133 W/m²
2022-12-29 11:55:30,157 W/m²
2022-12-29 11:56:00,137 W/m²
2022-12-29 11:56:30,134 W/m²
2022-12-29 11:57:00,139 W/m²
2022-12-29 11:57:30,145 W/m²
2022-12-29 11:58:00,151 W/m²
2022-12-29 11:58:30,161 W/m²
2022-12-29 11:59:00,174 W/m²
2022-12-29 11:59:30,169 W/m²
2022-12-29 12:00:00,158 W/m²
2022-12-29 12:00:30,149 W/m²
2022-12-29 12:01:00,146 W/m²
2022-12-29 12:01:30,135 W/m²
2022-12-29 12:02:00,131 W/m²
2022-12-29 12:02:30,120 W/m²
2022-12-29 12:03:00,120 W/m²
2022-12-29 12:03:30,107 W/m²
2022-12-29 12:04:00,98.5 W/m²
2022-12-29 12:04:30,106 W/m²
2022-12-29 12:05:00,112 W/m²
2022-12-29 12:05:30,122 W/m²
2022-12-29 12:06:30,128 W/m²
2022-12-29 12:07:30,134 W/m²
2022-12-29 12:08:30,158 W/m²
2022-12-29 12:09:30,140 W/m²
2022-12-29 12:10:30,141 W/m²
2022-12-29 12:11:30,147 W/m²
2022-12-29 12:12:00,169 W/m²
2022-12-29 12:12:30,182 W/m²
2022-12-29 12:13:30,186 W/m²
2022-12-29 12:14:30,193 W/m²
2022-12-29 12:15:30,189 W/m²
2022-12-29 12:16:30,173 W/m²
2022-12-29 12:17:30,171 W/m²
2022-12-29 12:18:00,167 W/m²
2022-12-29 12:18:30,157 W/m²
2022-12-29 12:19:00,153 W/m²
2022-12-29 12:19:30,115 W/m²
2022-12-29 12:20:00,112 W/m²
2022-12-29 12:20:30,110 W/m²
2022-12-29 12:21:00,102 W/m²
2022-12-29 12:22:00,95.0 W/m²
2022-12-29 12:22:30,92.3 W/m²
2022-12-29 12:23:00,92.6 W/m²
2022-12-29 12:23:30,94.2 W/m²
2022-12-29 12:24:00,96.4 W/m²
2022-12-29 12:24:30,96.9 W/m²
2022-12-29 12:25:00,96.0 W/m²
2022-12-29 12:25:30,93.8 W/m²
2022-12-29 12:26:00,92.2 W/m²
2022-12-29 12:26:30,90.6 W/m²
2022-12-29 12:27:00,90.9 W/m²
2022-12-29 12:27:30,94.3 W/m²
2022-12-29 12:28:30,96.7 W/m²
2022-12-29 12:29:00,92.5 W/m²
2022-12-29 12:29:30,87.8 W/m²
2022-12-29 12:30:00,82.6 W/m²
2022-12-29 12:30:30,74.7 W/m²
2022-12-29 12:31:00,67.7 W/m²
2022-12-29 12:31:30,64.2 W/m²
2022-12-29 12:32:00,60.0 W/m²
2022-12-29 12:32:30,54.8 W/m²
2022-12-29 12:33:00,49.1 W/m²
2022-12-29 12:33:30,47.3 W/m²
2022-12-29 12:34:00,48.5 W/m²
2022-12-29 12:34:30,49.4 W/m²
2022-12-29 12:35:00,49.4 W/m²
2022-12-29 12:35:30,50.9 W/m²
2022-12-29 12:36:00,52.0 W/m²
2022-12-29 12:36:30,53.1 W/m²
2022-12-29 12:37:00,55.1 W/m²
2022-12-29 12:37:30,57.5 W/m²
2022-12-29 12:38:00,60.3 W/m²
2022-12-29 12:38:30,65.1 W/m²
2022-12-29 12:39:00,66.0 W/m²
2022-12-29 12:39:30,65.0 W/m²
2022-12-29 12:40:00,63.7 W/m²
2022-12-29 12:40:30,61.5 W/m²
2022-12-29 12:41:00,59.8 W/m²
2022-12-29 12:41:30,60.2 W/m²
2022-12-29 12:42:00,66.0 W/m²
2022-12-29 12:42:30,68.3 W/m²
2022-12-29 12:43:00,70.8 W/m²
2022-12-29 12:43:30,72.2 W/m²
2022-12-29 12:44:00,73.6 W/m²
2022-12-29 12:44:30,75.6 W/m²
2022-12-29 12:45:00,80.1 W/m²
2022-12-29 12:45:30,84.0 W/m²
2022-12-29 12:46:00,85.3 W/m²
2022-12-29 12:46:30,84.8 W/m²
2022-12-29 12:47:00,84.6 W/m²
2022-12-29 12:47:30,85.0 W/m²
2022-12-29 12:48:00,83.1 W/m²
2022-12-29 12:48:30,79.4 W/m²
2022-12-29 12:49:00,74.8 W/m²
2022-12-29 12:49:30,74.0 W/m²
2022-12-29 12:50:00,75.0 W/m²
2022-12-29 12:50:30,76.8 W/m²
2022-12-29 12:51:00,74.9 W/m²
2022-12-29 12:51:30,73.0 W/m²
2022-12-29 12:52:00,73.0 W/m²
2022-12-29 12:52:30,74.4 W/m²
2022-12-29 12:53:00,76.0 W/m²
2022-12-29 12:53:30,78.2 W/m²
2022-12-29 12:54:00,82.0 W/m²
2022-12-29 12:54:30,83.5 W/m²
2022-12-29 12:55:00,84.4 W/m²
2022-12-29 12:55:30,85.7 W/m²
2022-12-29 12:56:00,87.1 W/m²
2022-12-29 12:56:30,86.7 W/m²
2022-12-29 12:57:00,88.1 W/m²
2022-12-29 12:57:30,91.1 W/m²
2022-12-29 12:58:00,93.8 W/m²
2022-12-29 12:58:30,93.0 W/m²
2022-12-29 12:59:00,86.1 W/m²
2022-12-29 12:59:30,78.6 W/m²
2022-12-29 13:00:00,72.5 W/m²
2022-12-29 13:00:30,68.9 W/m²
2022-12-29 13:01:00,68.5 W/m²
2022-12-29 13:01:30,70.3 W/m²
2022-12-29 13:02:00,71.8 W/m²
2022-12-29 13:02:30,70.6 W/m²
2022-12-29 13:03:00,71.0 W/m²
2022-12-29 13:03:30,65.4 W/m²
2022-12-29 13:04:00,61.6 W/m²
2022-12-29 13:04:30,60.4 W/m²
2022-12-29 13:05:00,59.0 W/m²
2022-12-29 13:05:30,56.8 W/m²
2022-12-29 13:06:00,55.6 W/m²
2022-12-29 13:06:30,57.8 W/m²
2022-12-29 13:07:00,59.0 W/m²
2022-12-29 13:07:30,59.3 W/m²
2022-12-29 13:08:00,57.0 W/m²
2022-12-29 13:08:30,55.7 W/m²
2022-12-29 13:09:00,52.8 W/m²
2022-12-29 13:09:30,50.0 W/m²
2022-12-29 13:10:00,47.3 W/m²
2022-12-29 13:10:30,45.3 W/m²
2022-12-29 13:11:00,45.8 W/m²
2022-12-29 13:11:30,45.4 W/m²
2022-12-29 13:12:00,43.6 W/m²
2022-12-29 13:12:30,41.0 W/m²
2022-12-29 13:13:00,38.9 W/m²
2022-12-29 13:13:30,37.0 W/m²
2022-12-29 13:14:00,36.2 W/m²
2022-12-29 13:14:30,35.3 W/m²
2022-12-29 13:15:00,34.6 W/m²
2022-12-29 13:15:30,33.1 W/m²
2022-12-29 13:16:00,31.6 W/m²
2022-12-29 13:16:30,30.9 W/m²
2022-12-29 13:17:00,32.2 W/m²
2022-12-29 13:17:30,34.6 W/m²
2022-12-29 13:18:00,37.1 W/m²
2022-12-29 13:18:30,37.6 W/m²
2022-12-29 13:19:00,35.9 W/m²
2022-12-29 13:19:30,33.7 W/m²
2022-12-29 13:20:00,32.4 W/m²
2022-12-29 13:20:30,32.6 W/m²
2022-12-29 13:21:00,33.5 W/m²
2022-12-29 13:21:30,34.5 W/m²
2022-12-29 13:22:00,35.4 W/m²
2022-12-29 13:22:30,36.8 W/m²
2022-12-29 13:23:30,40.5 W/m²
2022-12-29 13:24:00,42.0 W/m²
2022-12-29 13:24:30,43.4 W/m²
2022-12-29 13:25:00,45.3 W/m²
2022-12-29 13:25:30,46.4 W/m²
2022-12-29 13:26:00,45.2 W/m²
2022-12-29 13:26:30,44.6 W/m²
2022-12-29 13:27:00,45.8 W/m²
2022-12-29 13:27:30,46.5 W/m²
2022-12-29 13:28:00,48.2 W/m²
2022-12-29 13:28:30,50.4 W/m²
2022-12-29 13:29:00,51.7 W/m²
2022-12-29 13:29:30,53.8 W/m²
2022-12-29 13:30:00,56.4 W/m²
2022-12-29 13:30:30,58.1 W/m²
2022-12-29 13:31:00,58.3 W/m²
2022-12-29 13:31:30,58.5 W/m²
2022-12-29 13:32:00,62.7 W/m²
2022-12-29 13:32:30,69.7 W/m²
2022-12-29 13:33:00,75.5 W/m²
2022-12-29 13:33:30,81.0 W/m²
2022-12-29 13:34:00,85.5 W/m²
2022-12-29 13:34:30,89.3 W/m²
2022-12-29 13:35:00,89.5 W/m²
2022-12-29 13:36:00,84.7 W/m²
2022-12-29 13:36:30,81.7 W/m²
2022-12-29 13:37:00,79.8 W/m²
2022-12-29 13:38:00,79.4 W/m²
2022-12-29 13:38:30,78.9 W/m²
2022-12-29 13:39:00,77.8 W/m²
2022-12-29 13:39:30,75.7 W/m²
2022-12-29 13:40:00,74.4 W/m²
2022-12-29 13:40:30,74.5 W/m²
2022-12-29 13:41:00,74.3 W/m²
2022-12-29 13:42:00,76.9 W/m²
2022-12-29 13:42:30,81.1 W/m²
2022-12-29 13:43:00,86.1 W/m²
2022-12-29 13:43:30,91.4 W/m²
2022-12-29 13:44:00,95.6 W/m²
2022-12-29 13:45:00,101 W/m²
2022-12-29 13:45:30,102 W/m²
2022-12-29 13:46:00,101 W/m²
2022-12-29 13:47:00,97.5 W/m²
2022-12-29 13:47:30,97.2 W/m²
2022-12-29 13:48:00,95.8 W/m²
2022-12-29 13:49:00,90.5 W/m²
2022-12-29 13:49:30,89.7 W/m²
2022-12-29 13:50:00,89.9 W/m²
2022-12-29 13:51:00,84.4 W/m²
2022-12-29 13:51:30,80.1 W/m²
2022-12-29 13:52:00,79.3 W/m²
2022-12-29 13:52:30,81.6 W/m²
2022-12-29 13:53:00,81.0 W/m²
2022-12-29 13:53:30,81.0 W/m²
2022-12-29 13:54:00,81.2 W/m²
2022-12-29 13:54:30,81.2 W/m²
2022-12-29 13:55:00,81.8 W/m²
2022-12-29 13:55:30,84.0 W/m²
2022-12-29 13:56:00,85.3 W/m²
2022-12-29 13:56:30,86.5 W/m²
2022-12-29 13:57:00,85.6 W/m²
2022-12-29 13:57:30,86.4 W/m²
2022-12-29 13:58:00,89.2 W/m²
2022-12-29 13:58:30,90.9 W/m²
2022-12-29 13:59:00,90.5 W/m²
2022-12-29 13:59:30,87.0 W/m²
2022-12-29 14:00:00,83.2 W/m²
2022-12-29 14:00:30,79.5 W/m²
2022-12-29 14:01:00,76.6 W/m²
2022-12-29 14:01:30,74.9 W/m²
2022-12-29 14:02:00,74.6 W/m²
2022-12-29 14:02:30,73.8 W/m²
2022-12-29 14:03:00,71.7 W/m²
2022-12-29 14:03:30,68.1 W/m²
2022-12-29 14:04:00,65.1 W/m²
2022-12-29 14:04:30,63.0 W/m²
2022-12-29 14:05:00,61.7 W/m²
2022-12-29 14:05:30,63.6 W/m²
2022-12-29 14:06:00,67.0 W/m²
2022-12-29 14:06:30,71.9 W/m²
2022-12-29 14:07:00,77.7 W/m²
2022-12-29 14:07:30,83.8 W/m²
2022-12-29 14:08:00,87.3 W/m²
2022-12-29 14:08:30,87.8 W/m²
2022-12-29 14:09:00,87.5 W/m²
2022-12-29 14:09:30,87.3 W/m²
2022-12-29 14:10:00,86.0 W/m²
2022-12-29 14:10:30,84.8 W/m²
2022-12-29 14:11:00,84.9 W/m²
2022-12-29 14:11:30,85.8 W/m²
2022-12-29 14:12:30,89.5 W/m²
2022-12-29 14:13:00,88.9 W/m²
2022-12-29 14:13:30,87.9 W/m²
2022-12-29 14:14:00,87.4 W/m²
2022-12-29 14:14:30,86.2 W/m²
2022-12-29 14:15:00,86.7 W/m²
2022-12-29 14:15:30,89.8 W/m²
2022-12-29 14:16:00,95.7 W/m²
2022-12-29 14:16:30,102 W/m²
2022-12-29 14:17:00,108 W/m²
2022-12-29 14:17:30,114 W/m²
2022-12-29 14:18:00,118 W/m²
2022-12-29 14:18:30,123 W/m²
2022-12-29 14:19:00,126 W/m²
2022-12-29 14:19:30,128 W/m²
2022-12-29 14:20:00,130 W/m²
2022-12-29 14:20:30,131 W/m²
2022-12-29 14:21:00,132 W/m²
2022-12-29 14:21:30,132 W/m²
2022-12-29 14:22:00,131 W/m²
2022-12-29 14:22:30,131 W/m²
2022-12-29 14:23:00,128 W/m²
2022-12-29 14:23:30,126 W/m²
2022-12-29 14:24:00,121 W/m²
2022-12-29 14:24:30,119 W/m²
2022-12-29 14:25:00,118 W/m²
2022-12-29 14:25:30,116 W/m²
2022-12-29 14:26:00,111 W/m²
2022-12-29 14:26:30,106 W/m²
2022-12-29 14:27:00,102 W/m²
2022-12-29 14:27:30,98.1 W/m²
2022-12-29 14:28:00,98.1 W/m²
2022-12-29 14:28:30,98.8 W/m²
2022-12-29 14:29:00,100 W/m²
2022-12-29 14:29:30,99.1 W/m²
2022-12-29 14:30:00,97.9 W/m²
2022-12-29 14:30:30,95.5 W/m²
2022-12-29 14:31:00,92.9 W/m²
2022-12-29 14:31:30,91.8 W/m²
2022-12-29 14:32:00,91.2 W/m²
2022-12-29 14:32:30,90.5 W/m²
2022-12-29 14:33:00,90.0 W/m²
2022-12-29 14:33:30,89.5 W/m²
2022-12-29 14:34:00,87.6 W/m²
2022-12-29 14:34:30,84.8 W/m²
2022-12-29 14:35:00,82.4 W/m²
2022-12-29 14:36:00,78.0 W/m²
2022-12-29 14:36:30,75.7 W/m²
2022-12-29 14:37:00,73.9 W/m²
2022-12-29 14:37:30,72.5 W/m²
2022-12-29 14:38:00,71.3 W/m²
2022-12-29 14:38:30,69.8 W/m²
2022-12-29 14:39:00,69.1 W/m²
2022-12-29 14:40:00,66.3 W/m²
2022-12-29 14:40:30,65.3 W/m²
2022-12-29 14:41:00,63.6 W/m²
2022-12-29 14:41:30,62.3 W/m²
2022-12-29 14:42:00,61.2 W/m²
2022-12-29 14:42:30,60.5 W/m²
2022-12-29 14:43:00,59.8 W/m²
2022-12-29 14:43:30,58.9 W/m²
2022-12-29 14:44:00,57.1 W/m²
2022-12-29 14:44:30,56.5 W/m²
2022-12-29 14:45:00,56.0 W/m²
2022-12-29 14:45:30,56.2 W/m²
2022-12-29 14:46:00,55.3 W/m²
2022-12-29 14:46:30,55.1 W/m²
2022-12-29 14:47:00,55.0 W/m²
2022-12-29 14:47:30,55.0 W/m²
2022-12-29 14:48:00,55.0 W/m²
2022-12-29 14:48:30,54.1 W/m²
2022-12-29 14:49:00,53.6 W/m²
2022-12-29 14:50:00,53.0 W/m²
2022-12-29 14:50:30,52.7 W/m²
2022-12-29 14:51:00,51.9 W/m²
2022-12-29 14:52:00,51.1 W/m²
2022-12-29 14:52:30,50.3 W/m²
2022-12-29 14:53:00,49.9 W/m²
2022-12-29 14:53:30,49.8 W/m²
2022-12-29 14:54:00,48.7 W/m²
2022-12-29 14:54:30,48.7 W/m²
2022-12-29 14:55:00,47.9 W/m²
2022-12-29 14:55:30,47.3 W/m²
2022-12-29 14:56:00,46.9 W/m²
2022-12-29 14:57:00,46.5 W/m²
2022-12-29 14:57:30,45.7 W/m²
2022-12-29 14:58:00,46.5 W/m²
2022-12-29 14:59:00,45.9 W/m²
2022-12-29 14:59:30,46.0 W/m²
2022-12-29 15:00:00,44.9 W/m²
2022-12-29 15:00:30,45.5 W/m²
2022-12-29 15:01:00,44.5 W/m²
2022-12-29 15:01:30,45.0 W/m²
2022-12-29 15:02:00,44.4 W/m²
2022-12-29 15:03:00,43.4 W/m²
2022-12-29 15:03:30,43.6 W/m²
2022-12-29 15:04:00,42.5 W/m²
2022-12-29 15:04:30,42.0 W/m²
2022-12-29 15:05:00,40.6 W/m²
2022-12-29 15:05:30,40.2 W/m²
2022-12-29 15:06:00,39.8 W/m²
2022-12-29 15:06:30,38.6 W/m²
2022-12-29 15:07:00,37.8 W/m²
2022-12-29 15:07:30,37.0 W/m²
2022-12-29 15:08:00,36.0 W/m²
2022-12-29 15:08:30,35.0 W/m²
2022-12-29 15:09:00,34.2 W/m²
2022-12-29 15:09:30,33.9 W/m²
2022-12-29 15:10:00,32.6 W/m²
2022-12-29 15:10:30,31.7 W/m²
2022-12-29 15:11:00,31.2 W/m²
2022-12-29 15:11:30,30.5 W/m²
2022-12-29 15:12:00,29.9 W/m²
2022-12-29 15:12:30,29.6 W/m²
2022-12-29 15:13:00,29.7 W/m²
2022-12-29 15:14:00,29.1 W/m²
2022-12-29 15:14:30,29.1 W/m²
2022-12-29 15:15:00,29.3 W/m²
2022-12-29 15:16:00,30.1 W/m²
2022-12-29 15:16:30,30.2 W/m²
2022-12-29 15:17:00,30.5 W/m²
2022-12-29 15:17:30,30.8 W/m²
2022-12-29 15:18:00,30.8 W/m²
2022-12-29 15:19:00,29.6 W/m²
2022-12-29 15:19:30,29.4 W/m²
2022-12-29 15:20:00,28.9 W/m²
2022-12-29 15:20:30,28.1 W/m²
2022-12-29 15:21:00,27.7 W/m²
2022-12-29 15:22:00,26.9 W/m²
2022-12-29 15:22:30,26.8 W/m²
2022-12-29 15:23:00,26.6 W/m²
2022-12-29 15:23:30,25.8 W/m²
2022-12-29 15:24:00,25.5 W/m²
2022-12-29 15:24:30,25.1 W/m²
2022-12-29 15:25:00,24.1 W/m²
2022-12-29 15:26:00,22.5 W/m²
2022-12-29 15:26:30,21.9 W/m²
2022-12-29 15:27:00,21.3 W/m²
2022-12-29 15:27:30,21.2 W/m²
2022-12-29 15:28:00,20.7 W/m²
2022-12-29 15:28:30,20.5 W/m²
2022-12-29 15:29:00,20.7 W/m²
2022-12-29 15:29:30,21.3 W/m²
2022-12-29 15:30:00,22.5 W/m²
2022-12-29 15:30:30,23.1 W/m²
2022-12-29 15:31:00,23.7 W/m²
2022-12-29 15:32:00,25.2 W/m²
2022-12-29 15:32:30,26.2 W/m²
2022-12-29 15:33:00,26.4 W/m²
2022-12-29 15:34:00,25.6 W/m²
2022-12-29 15:34:30,23.9 W/m²
2022-12-29 15:35:00,22.0 W/m²
2022-12-29 15:35:30,20.5 W/m²
2022-12-29 15:36:00,19.0 W/m²
2022-12-29 15:37:00,18.1 W/m²
2022-12-29 15:37:30,18.4 W/m²
2022-12-29 15:38:00,17.6 W/m²
2022-12-29 15:38:30,16.8 W/m²
2022-12-29 15:39:00,15.9 W/m²
2022-12-29 15:39:23,14.6 W/m²

